hospital_pk,collection_week,state,hospital_name,hospital_subtype,is_metro_micro,total_beds_7_day_avg,all_adult_hospital_beds_7_day_avg,all_adult_hospital_inpatient_beds_7_day_avg,inpatient_beds_used_7_day_avg,all_adult_hospital_inpatient_bed_occupied_7_day_avg,inpatient_beds_used_covid_7_day_avg,total_adult_patients_hospitalized_confirmed_and_suspected_covid_7_day_avg,total_adult_patients_hospitalized_confirmed_covid_7_day_avg,total_pediatric_patients_hospitalized_confirmed_and_suspected_covid_7_day_avg,total_pediatric_patients_hospitalized_confirmed_covid_7_day_avg,inpatient_beds_7_day_avg,total_icu_beds_7_day_avg,total_staffed_adult_icu_beds_7_day_avg,icu_beds_used_7_day_avg,staffed_adult_icu_bed_occupancy_7_day_avg,staffed_icu_adult_patients_confirmed_and_suspected_covid_7_day_avg,staffed_icu_adult_patients_confirmed_covid_7_day_avg,total_patients_hospitalized_confirmed_influenza_7_day_avg,icu_patients_confirmed_influenza_7_day_avg,total_patients_hospitalized_confirmed_influenza_and_covid_7_day_avg,total_beds_7_day_sum,all_adult_hospital_beds_7_day_sum,all_adult_hospital_inpatient_beds_7_day_sum,inpatient_beds_used_7_day_sum,all_adult_hospital_inpatient_bed_occupied_7_day_sum,inpatient_beds_used_covid_7_day_sum,total_adult_patients_hospitalized_confirmed_and_suspected_covid_7_day_sum,total_adult_patients_hospitalized_confirmed_covid_7_day_sum,total_pediatric_patients_hospitalized_confirmed_and_suspected_covid_7_day_sum,total_pediatric_patients_hospitalized_confirmed_covid_7_day_sum,inpatient_beds_7_day_sum,total_icu_beds_7_day_sum,total_staffed_adult_icu_beds_7_day_sum,icu_beds_used_7_day_sum,staffed_adult_icu_bed_occupancy_7_day_sum,staffed_icu_adult_patients_confirmed_and_suspected_covid_7_day_sum,staffed_icu_adult_patients_confirmed_covid_7_day_sum,total_patients_hospitalized_confirmed_influenza_7_day_sum,icu_patients_confirmed_influenza_7_day_sum,total_patients_hospitalized_confirmed_influenza_and_covid_7_day_sum,total_beds_7_day_coverage,all_adult_hospital_beds_7_day_coverage,all_adult_hospital_inpatient_beds_7_day_coverage,inpatient_beds_used_7_day_coverage,all_adult_hospital_inpatient_bed_occupied_7_day_coverage,inpatient_beds_used_covid_7_day_coverage,total_adult_patients_hospitalized_confirmed_and_suspected_covid_7_day_coverage,total_adult_patients_hospitalized_confirmed_covid_7_day_coverage,total_pediatric_patients_hospitalized_confirmed_and_suspected_covid_7_day_coverage,total_pediatric_patients_hospitalized_confirmed_covid_7_day_coverage,inpatient_beds_7_day_coverage,total_icu_beds_7_day_coverage,total_staffed_adult_icu_beds_7_day_coverage,icu_beds_used_7_day_coverage,staffed_adult_icu_bed_occupancy_7_day_coverage,staffed_icu_adult_patients_confirmed_and_suspected_covid_7_day_coverage,staffed_icu_adult_patients_confirmed_covid_7_day_coverage,total_patients_hospitalized_confirmed_influenza_7_day_coverage,icu_patients_confirmed_influenza_7_day_coverage,total_patients_hospitalized_confirmed_influenza_and_covid_7_day_coverage,previous_day_admission_adult_covid_confirmed_7_day_sum,previous_day_admission_adult_covid_confirmed_18-19_7_day_sum,previous_day_admission_adult_covid_confirmed_20-29_7_day_sum,previous_day_admission_adult_covid_confirmed_30-39_7_day_sum,previous_day_admission_adult_covid_confirmed_40-49_7_day_sum,previous_day_admission_adult_covid_confirmed_50-59_7_day_sum,previous_day_admission_adult_covid_confirmed_60-69_7_day_sum,previous_day_admission_adult_covid_confirmed_70-79_7_day_sum,previous_day_admission_adult_covid_confirmed_80+_7_day_sum,previous_day_admission_adult_covid_confirmed_unknown_7_day_sum,previous_day_admission_pediatric_covid_confirmed_7_day_sum,previous_day_covid_ED_visits_7_day_sum,previous_day_admission_adult_covid_suspected_7_day_sum,previous_day_admission_adult_covid_suspected_18-19_7_day_sum,previous_day_admission_adult_covid_suspected_20-29_7_day_sum,previous_day_admission_adult_covid_suspected_30-39_7_day_sum,previous_day_admission_adult_covid_suspected_40-49_7_day_sum,previous_day_admission_adult_covid_suspected_50-59_7_day_sum,previous_day_admission_adult_covid_suspected_60-69_7_day_sum,previous_day_admission_adult_covid_suspected_70-79_7_day_sum,previous_day_admission_adult_covid_suspected_80+_7_day_sum,previous_day_admission_adult_covid_suspected_unknown_7_day_sum,previous_day_admission_pediatric_covid_suspected_7_day_sum,previous_day_total_ED_visits_7_day_sum,previous_day_admission_influenza_confirmed_7_day_sum,geocoded_hospital_address,hhs_ids,previous_day_admission_adult_covid_confirmed_7_day_coverage,previous_day_admission_pediatric_covid_confirmed_7_day_coverage,previous_day_admission_adult_covid_suspected_7_day_coverage,previous_day_admission_pediatric_covid_suspected_7_day_coverage,previous_week_personnel_covid_vaccinated_doses_administered_7_day,total_personnel_covid_vaccinated_doses_none_7_day,total_personnel_covid_vaccinated_doses_one_7_day,total_personnel_covid_vaccinated_doses_all_7_day,previous_week_patients_covid_vaccinated_doses_one_7_day,previous_week_patients_covid_vaccinated_doses_all_7_day,is_corrected,all_pediatric_inpatient_bed_occupied_7_day_avg,all_pediatric_inpatient_bed_occupied_7_day_coverage,all_pediatric_inpatient_bed_occupied_7_day_sum,all_pediatric_inpatient_beds_7_day_avg,all_pediatric_inpatient_beds_7_day_coverage,all_pediatric_inpatient_beds_7_day_sum,previous_day_admission_pediatric_covid_confirmed_0_4_7_day_sum,previous_day_admission_pediatric_covid_confirmed_12_17_7_day_sum,previous_day_admission_pediatric_covid_confirmed_5_11_7_day_sum,previous_day_admission_pediatric_covid_confirmed_unknown_7_day_sum,staffed_icu_pediatric_patients_confirmed_covid_7_day_avg,staffed_icu_pediatric_patients_confirmed_covid_7_day_coverage,staffed_icu_pediatric_patients_confirmed_covid_7_day_sum,staffed_pediatric_icu_bed_occupancy_7_day_avg,staffed_pediatric_icu_bed_occupancy_7_day_coverage,staffed_pediatric_icu_bed_occupancy_7_day_sum,total_staffed_pediatric_icu_beds_7_day_avg,total_staffed_pediatric_icu_beds_7_day_coverage,total_staffed_pediatric_icu_beds_7_day_sum
100035,5/22/2020,FL,MANATEE MEMORIAL HOSPITAL,Short Term,TRUE,,,,,,16,,,,,,47.7,,,,,,,,,,,,,,112,,,,,,286,,,,,,,,,0,0,0,0,0,7,0,0,0,0,0,6,0,0,0,0,0,0,0,0,,,,,,,,,,,,,,,,,,,,,,,,,,POINT (-82.56122 27.49675),[C100035-A],0,0,0,0,,,,,,,FALSE,,0,,,0,,,,,,,0,,,0,,,0,
100035,4/17/2020,FL,MANATEE MEMORIAL HOSPITAL,Short Term,TRUE,,,,,,35,,,,,,38.4,,,,,,,,,,,,,,245,,,,,,269,,,,,,,,,0,0,0,0,0,7,0,0,0,0,0,7,0,0,0,0,0,0,0,0,,,,,,,,,,,,,,,,,,,,,,,,,,POINT (-82.56122 27.49675),[C100035-A],0,0,0,0,,,,,,,FALSE,,0,,,0,,,,,,,0,,,0,,,0,
100035,6/19/2020,FL,MANATEE MEMORIAL HOSPITAL,Short Term,TRUE,,,,,,29.4,,,,,,,,,,,,,,,,,,,,206,,,,,,,,,,,,,,,0,0,0,0,0,7,0,0,0,0,0,0,0,0,0,0,0,0,0,0,,,,,,,,,,,,,,,,,,,,,,,,,,POINT (-82.56122 27.49675),[C100035-A],0,0,0,0,,,,,,,FALSE,,0,,,0,,,,,,,0,,,0,,,0,
100035,4/3/2020,FL,MANATEE MEMORIAL HOSPITAL,Short Term,TRUE,,,,,,,,,,,,,,,,,,,,,,,,,,,,,,,,,,,,,,,,,0,0,0,0,0,0,0,0,0,0,0,0,0,0,0,0,0,0,0,0,,,,,,,,,,,,,,,,,,,,,,,,,,POINT (-82.56122 27.49675),[C100035-A],0,0,0,0,,,,,,,FALSE,,0,,,0,,,,,,,0,,,0,,,0,
100035,10/23/2020,FL,MANATEE MEMORIAL HOSPITAL,Short Term,TRUE,332.9,298.4,298.4,275.4,266,13.3,12.4,10.9, , ,317.7,24.6,23.7,20,18.9, , ,0,0,0,"2,330","2,089","2,089","1,928","1,862",93,87,76,6,6,"2,224",172,166,140,132,13,11,0,0,0,7,7,7,7,7,7,7,7,7,7,7,7,7,7,7,7,7,2,2,2,6,0,0,0,0, , ,4,0,0,0,24,16,0, , ,0, , , ,5,0,0,"1,170",0,POINT (-82.56122 27.49675),[C100035-A],7,7,7,7,,,,,,,FALSE,7.5,2,15, ,2,6,,,,,,0,,4,2,8, ,2,6
100035,6/25/2021,FL,MANATEE MEMORIAL HOSPITAL,Short Term,TRUE,295,289,289,257.1,244.7,6.1,6.1,5.7,0,0,295,30,24,24.7,19.1, , ,0,0,0,"2,065","2,023","2,023","1,800","1,713",43,43,40,0,0,"2,065",210,168,173,134, , ,0,0,0,7,7,7,7,7,7,7,7,7,7,7,7,7,7,7,7,7,6,6,6,6, ,0,0,0, , ,0, ,0,0,4, ,0,0,0,0,0, , ,0,0,0,"1,232",0,POINT (-82.56122 27.49675),[C100035-A],7,7,7,7,6,262,"1,545","1,682",0,0,FALSE,12.4,7,87,6,7,42,,,,,,0,,5.6,7,39,6,7,42
100035,11/6/2020,FL,MANATEE MEMORIAL HOSPITAL,Short Term,TRUE,295,289,289,265.7,255,14.1,14.1,9.4,0,0,295,30,24,29.4,19.1, , ,0,0,0,"2,065","2,023","2,023","1,860","1,785",99,99,66,0,0,"2,065",210,168,206,134,18,8,0,0,0,7,7,7,7,7,7,7,7,7,7,7,7,7,7,7,7,7,7,7,7,5,0,0,0,0, ,0, , ,0,0,22,20,0,0, , , , ,5,4,0,0,"1,225",0,POINT (-82.56122 27.49675),[C100035-A],7,7,7,7,,,,,,,FALSE,10.7,7,75,6,7,42,,,,,,0,,10.3,7,72,6,7,42
100035,11/26/2021,FL,MANATEE MEMORIAL HOSPITAL,Short Term,TRUE,295,289,289,243.9,224, , , ,0,0,295,30,24,27.7,17.4,0,0,0,0,0,"2,065","2,023","2,023","1,707","1,568",17,17,15,0,0,"2,065",210,168,194,122,0,0,0,0,0,7,7,7,7,7,7,7,7,7,7,7,7,7,7,7,7,7,7,7,7,4,0, ,0, , ,0, ,0,0,0,0, ,0,0,0,0,0,0, ,0,0,0,"1,179",0,POINT (-82.56122 27.49675),[C100035-A],7,7,7,7,0,262,"1,545","1,682",0,0,FALSE,19.9,7,139,6,7,42,,,,,,0,,10.3,7,72,6,7,42
100035,11/20/2020,FL,MANATEE MEMORIAL HOSPITAL,Short Term,TRUE,295,289,289,258.1,251.9,31.6,31.6,25.3,0,0,295,30,24,26,19.7,4.3, ,0,0,0,"2,065","2,023","2,023","1,807","1,763",221,221,177,0,0,"2,065",210,168,182,138,30,26,0,0,0,7,7,7,7,7,7,7,7,7,7,7,7,7,7,7,7,7,7,7,7,8,0,0,0,0, , , ,0,0,0,10,26,0, ,0,0,4,4,9,8,0,0,"1,109",0,POINT (-82.56122 27.49675),[C100035-A],7,7,7,7,,,,,,,FALSE,6.3,7,44,6,7,42,,,,,,0,,6.3,7,44,6,7,42
100035,5/6/2022,FL,MANATEE MEMORIAL HOSPITAL,Short Term,TRUE,,,289,253.1,242,6.6,6.6,6,0,0,295,30,24,22.4,19.6, , ,0,0,,,,"2,023","1,772","1,694",46,46,42,0,0,"2,065",210,168,157,137,5,5,0,0,,0,0,7,7,7,7,7,7,7,7,7,7,7,7,7,7,7,7,7,0,5,0,0,0,0, ,0, , ,0,0, , ,0,0,0,0, , , ,0,0,0,"1,296",0,POINT (-82.56122 27.49675),[C100035-A],7,7,7,7,0,262,"1,545","1,682",0,0,FALSE,0,7,0,0,7,0,0,0,0,0,0,7,0,0,7,0,0,7,0
100035,12/18/2020,FL,MANATEE MEMORIAL HOSPITAL,Short Term,TRUE,295,289,289,267.9,246.7,32.1,32.1,24.9,0,0,295,30,24,26.9,19.6, , ,0,0,0,"2,065","2,023","2,023","1,875","1,727",225,225,174,0,0,"2,065",210,168,188,137,16,14,0,0,0,7,7,7,7,7,7,7,7,7,7,7,7,7,7,7,7,7,7,7,7,11,0, , ,0,0, , ,6,0,0,12,29,0, ,0,0, ,9,8,8,0,0,"1,152",0,POINT (-82.56122 27.49675),[C100035-A],7,7,7,7,,,,,,,FALSE,21.1,7,148,6,7,42,,,,,,0,,7.3,7,51,6,7,42
100035,4/1/2022,FL,MANATEE MEMORIAL HOSPITAL,Short Term,TRUE,,,289,291.3,269.3, , , ,0,0,295,30,24,26.6,17.3, ,0,0,0,,,,"2,023","2,039","1,885",19,19,14,0,0,"2,065",210,168,186,121, ,0,0,0,,0,0,7,7,7,7,7,7,7,7,7,7,7,7,7,7,7,7,7,0, ,0,0,0,0,0, ,0, ,0,0,0,4,0,0,0,0,0, , ,0,0,0,"1,236",0,POINT (-82.56122 27.49675),[C100035-A],7,7,7,7,0,262,"1,545","1,682",0,0,FALSE,0,7,0,0,7,0,0,0,0,0,0,7,0,0,7,0,0,7,0
100035,6/24/2022,FL,MANATEE MEMORIAL HOSPITAL,Short Term,TRUE,,,289,257.9,241.6,12.6,12.6,12.4,0,0,295,30,24,25.1,20.4,0,0, , ,,,,"2,023","1,805","1,691",88,88,87,0,0,"2,065",210,168,176,143,0,0,18, ,,0,0,7,7,7,7,7,7,7,7,7,7,7,7,7,7,7,7,7,0,21,0, , , ,4,6,4,4,0,0,43,0,0,0,0,0,0,0,0,0,0,0,"1,346",12,POINT (-82.56122 27.49675),[C100035-A],7,7,7,7,0,262,"1,545","1,682",0,0,FALSE,0,7,0,0,7,0,0,0,0,0,0,7,0,0,7,0,0,7,0
100035,12/30/2022,FL,MANATEE MEMORIAL HOSPITAL,Short Term,TRUE,,,289,293,272.6,17,17,16.9,0,0,295,30,24,26.9,20, , ,9.3, ,,,,"2,023","2,051","1,908",119,119,118,0,0,"2,065",210,168,188,140,15,14,65,9,,0,0,7,7,7,7,7,7,7,7,7,7,7,7,7,7,7,7,7,0,24,0, ,0, , , ,7,10,0,0,29,0,0,0,0,0, ,0,0,0, ,0,"1,480",15,POINT (-82.56122 27.49675),[C100035-A],7,7,7,7,,,,,,,FALSE,0,7,0,0,7,0,0,0,0,0,0,7,0,0,7,0,0,7,0
100035,5/28/2021,FL,MANATEE MEMORIAL HOSPITAL,Short Term,TRUE,295,289,289,237.3,222.1,14.4,14.4,14.1,0,0,295,30,24,23.4,17.9, , ,0,0,0,"2,065","2,023","2,023","1,661","1,555",101,101,99,0,0,"2,065",210,168,164,125,10,10,0,0,0,7,7,7,7,7,7,7,7,7,7,7,7,7,7,7,7,7,7,7,7,4,0, , ,0, ,0,0,0,0,0,0, ,0,0, ,0,0,0, ,0,0,0,"1,242",0,POINT (-82.56122 27.49675),[C100035-A],7,7,7,7,11,282,"1,553","1,662", ,0,FALSE,15.1,7,106,6,7,42,,,,,,0,,5.6,7,39,6,7,42
100035,1/6/2023,FL,MANATEE MEMORIAL HOSPITAL,Short Term,TRUE,,,289,303,287.1,15.1,15.1,14.9,0,0,295,30,24,26.6,21.3, , ,4.6, ,,,,"2,023","1,818","2,010",106,106,104,0,0,"1,770",210,168,186,149, , ,32, ,,0,0,7,6,7,7,7,7,7,7,6,7,7,7,7,7,7,7,7,0,22,0,0, ,0, ,8,4,8,0,0,19,0,0,0, ,0,0, ,0,0, ,0,"1,446",10,POINT (-82.56122 27.49675),[C100035-A],7,7,7,7,,,,,,,TRUE,0,7,0,0,7,0,0,0,0,0,0,7,0,0,7,0,0,7,0
100035,1/22/2021,FL,MANATEE MEMORIAL HOSPITAL,Short Term,TRUE,295,289,289,256.3,234,35.1,35.1,32.1,0,0,295,30,24,28.1,18.6, , ,0,0,0,"2,065","2,023","2,023","1,794","1,638",246,246,225,0,0,"2,065",210,168,197,130,26,24,0,0,0,7,7,7,7,7,7,7,7,7,7,7,7,7,7,7,7,7,7,7,7,21,0,0, ,0,5, ,6,7,0,0,4,19,0,0, ,0, ,4,5,6,0,0,"1,235",0,POINT (-82.56122 27.49675),[C100035-A],7,7,7,7,170,887,"1,057",510,0,0,FALSE,22.3,7,156,6,7,42,,,,,,0,,9.6,7,67,6,7,42
100035,1/20/2023,FL,MANATEE MEMORIAL HOSPITAL,Short Term,TRUE,,,289,308.2,292.3,9.3,9.3,7.1,0,0,295,30,24,31.5,23, ,0, , ,,,,"2,023","1,541","2,046",65,65,50,0,0,"1,475",210,48,63,46, ,0,18, ,,0,0,7,5,7,7,7,7,7,7,5,7,2,2,2,7,2,7,7,0,9,0,0,0,0, , , ,5,0,0,25,0,0,0,0, ,4, ,7,0,14,0,"1,391",4,POINT (-82.56122 27.49675),[C100035-A],7,7,7,7,,,,,,,FALSE,0,7,0,0,7,0,0,0,0,0,0,7,0,0,7,0,0,7,0
100035,10/2/2020,FL,MANATEE MEMORIAL HOSPITAL,Short Term,TRUE,348,294,294,264.4,252.3,10.7,10.7,10.7,0,0,328,23.4,23.4,22.1,22.1, , ,,,,"2,436","2,058","2,058","1,851","1,766",75,75,75,0,0,"2,296",164,164,155,155,5,5,,,,7,7,7,7,7,7,7,7,7,7,7,7,7,7,7,7,7,0,0,0,4,0,0,0, , ,0, , ,0, ,12, ,0,0,0,0, ,0, ,0,0,0,"1,042",,POINT (-82.56122 27.49675),[C100035-A],7,7,7,7,,,,,,,FALSE,,0,,,0,,,,,,,0,,,0,,,0,
100035,9/16/2022,FL,MANATEE MEMORIAL HOSPITAL,Short Term,TRUE,,,289,248.6,228.3,11.3,11.3,10.7,0,0,295,30,24,24.6,18.6, , ,0,0,,,,"2,023","1,740","1,598",79,79,75,0,0,"2,065",210,168,172,130,10,10,0,0,,0,0,7,7,7,7,7,7,7,7,7,7,7,7,7,7,7,7,7,0,10,0,0, ,0, , , , ,0,0,10,4, , ,0,0, ,0, ,0,0,0,"1,286",0,POINT (-82.56122 27.49675),[C100035-A],7,7,7,7,,,,,,,FALSE,0,7,0,0,7,0,0,0,0,0,0,7,0,0,7,0,0,7,0
100035,8/5/2022,FL,MANATEE MEMORIAL HOSPITAL,Short Term,TRUE,,,289,265.1,238.4,23.7,23.7,23.7,0,0,295,30,24,32.1,19.6, , ,0,0,,,,"2,023","1,856","1,669",166,166,166,0,0,"2,065",210,168,225,137,20,20,0,0,,0,0,7,7,7,7,7,7,7,7,7,7,7,7,7,7,7,7,7,0,20,0,0, , ,0,5,5,8,0,0,43,0,0,0,0,0,0,0,0,0,0,0,"1,247",0,POINT (-82.56122 27.49675),[C100035-A],7,7,7,7,0,262,"1,545","1,682",0,0,FALSE,0,7,0,0,7,0,0,0,0,0,0,7,0,0,7,0,0,7,0
100035,4/9/2021,FL,MANATEE MEMORIAL HOSPITAL,Short Term,TRUE,295,289,289,273.4,253.1,14.7,14.7,12.9,0,0,295,30,24,27.9,19.4, ,0,0,0,0,"2,065","2,023","2,023","1,914","1,772",103,103,90,0,0,"2,065",210,168,195,136, ,0,0,0,0,7,7,7,7,7,7,7,7,7,7,7,7,7,7,7,7,7,7,7,7,8,0,0, , ,0, ,4,0,0,0,5,10,0, ,0, , , , , ,0,0,"1,333",0,POINT (-82.56122 27.49675),[C100035-A],7,7,7,7,79,383,"1,495","1,551",45, ,FALSE,20.3,7,142,6,7,42,,,,,,0,,8.4,7,59,6,7,42
100035,9/11/2020,FL,MANATEE MEMORIAL HOSPITAL,Short Term,TRUE,348,320.9,320.9,286.4,280.6,14.6,11.6,11.4, ,0,328,24,24,21.9,21.9, , ,,,,"2,436","2,246","2,246","2,005","1,964",102,81,80,21,0,"2,296",168,168,153,153,9,8,,,,7,7,7,7,7,7,7,7,7,7,7,7,7,7,7,7,7,0,0,0,6,0, ,0,0, , ,0, ,0,0,37,13,0, ,0,0, ,6,8,4,0,9,"1,164",,POINT (-82.56122 27.49675),[C100035-A],7,7,7,7,,,,,,,FALSE,,0,,,0,,,,,,,0,,,0,,,0,
100035,6/3/2022,FL,MANATEE MEMORIAL HOSPITAL,Short Term,TRUE,,,289,268.3,248.7,13.4,13.4,13.3,0,0,295,30,24,21.6,15.4,0,0, ,0,0,,,"2,023","1,878","1,741",94,94,93,0,0,"2,065",210,168,151,108,0,0,4,0,0,0,0,7,7,7,7,7,7,7,7,7,7,7,7,7,7,7,7,7,1,21,0,0, ,0, , ,4,11,0,0,35, ,0,0,0,0,0, ,0,0,0,0,"1,322", ,POINT (-82.56122 27.49675),[C100035-A],7,7,7,7,0,262,"1,545","1,682",0,0,FALSE,0,7,0,0,7,0,0,0,0,0,0,7,0,0,7,0,0,7,0
100035,12/2/2022,FL,MANATEE MEMORIAL HOSPITAL,Short Term,TRUE,,,289,280.6,261.7,10.7,10.7,8.7,0,0,295,30,24,29.6,20.6, , ,4.4,0,,,,"2,023","1,964","1,832",75,75,61,0,0,"2,065",210,168,207,144,15,13,31,0,,0,0,7,7,7,7,7,7,7,7,7,7,7,7,7,7,7,7,7,0,13,0, ,0,0,0, ,6,4,0,0,12,15,0,0,0,5, ,0,4,4,0,0,"1,370", ,POINT (-82.56122 27.49675),[C100035-A],7,7,7,7,,,,,,,FALSE,0,7,0,0,7,0,0,0,0,0,0,7,0,0,7,0,0,7,0
100035,9/18/2020,FL,MANATEE MEMORIAL HOSPITAL,Short Term,TRUE,348,304.3,304.3,266.4,261.3,7.6,7.6,7.3,0,0,328,24,24,22.3,22.3, , ,,,,"2,436","2,130","2,130","1,865","1,829",53,53,51,0,0,"2,296",168,168,156,156,9,7,,,,7,7,7,7,7,7,7,7,7,7,7,7,7,7,7,7,7,0,0,0, ,0,0,0,0, ,0,0,0,0,0,30,7,0,0,0, ,0,4, , ,0, ,"1,248",,POINT (-82.56122 27.49675),[C100035-A],7,7,7,7,,,,,,,FALSE,,0,,,0,,,,,,,0,,,0,,,0,
100035,6/17/2022,FL,MANATEE MEMORIAL HOSPITAL,Short Term,TRUE,,,289,279.9,260.1,17.9,17.9,17.7,0,0,295,30,24,25.4,18.9, , , ,0,,,,"2,023","1,959","1,821",125,125,124,0,0,"2,065",210,168,178,132,6,6,12,0,,0,0,7,7,7,7,7,7,7,7,7,7,7,7,7,7,7,7,7,0,17,0,0, ,0, ,6,4,5,0,0,30, ,0,0,0,0, ,0,0,0,0,0,"1,297",4,POINT (-82.56122 27.49675),[C100035-A],7,7,7,7,0,262,"1,545","1,682",0,0,FALSE,0,7,0,0,7,0,0,0,0,0,0,7,0,0,7,0,0,7,0
100035,10/28/2022,FL,MANATEE MEMORIAL HOSPITAL,Short Term,TRUE,,,289,263.7,247.6,9.6,9.6,9.6,0,0,295,30,24,26.7,21.4, , , ,0,,,,"2,023","1,846","1,733",67,67,67,0,0,"2,065",210,168,187,150,11,11, ,0,,0,0,7,7,7,7,7,7,7,7,7,7,7,7,7,7,7,7,7,0,18,0,0,0, , ,5,5,6,0,0,12,0,0,0,0,0,0,0,0,0,0,0,"1,267",0,POINT (-82.56122 27.49675),[C100035-A],7,7,7,7,,,,,,,FALSE,0,7,0,0,7,0,0,0,0,0,0,7,0,0,7,0,0,7,0
100035,4/15/2022,FL,MANATEE MEMORIAL HOSPITAL,Short Term,TRUE,,,289,256.3,239, , , ,0,0,295,30,24,26.4,20.1,0,0,0,0,,,,"2,023","1,794","1,673",15,15,14,0,0,"2,065",210,168,185,141,0,0,0,0,,0,0,7,7,7,7,7,7,7,7,7,7,7,7,7,7,7,7,7,0, ,0,0,0,0, ,0,0,0,0,0, , ,0,0,0, ,0,0,0,0,0,0,"1,274",0,POINT (-82.56122 27.49675),[C100035-A],7,7,7,7,0,262,"1,545","1,682",0,0,FALSE,0,7,0,0,7,0,0,0,0,0,0,7,0,0,7,0,0,7,0
100035,4/23/2021,FL,MANATEE MEMORIAL HOSPITAL,Short Term,TRUE,295,289,289,272.1,257,21.1,21.1,18.7,0,0,295,30,24,23.9,18.6, , ,0,0,0,"2,065","2,023","2,023","1,905","1,799",148,148,131,0,0,"2,065",210,168,167,130,6,4,0,0,0,7,7,7,7,7,7,7,7,7,7,7,7,7,7,7,7,7,7,7,7,11,0,0,0,5, , , ,0,0,0,9,14,0, , , , , ,4, ,0,0,"1,429",0,POINT (-82.56122 27.49675),[C100035-A],7,7,7,7,45,332,"1,502","1,612",122,0,FALSE,15.1,7,106,6,7,42,,,,,,0,,5.3,7,37,6,7,42
100035,7/22/2022,FL,MANATEE MEMORIAL HOSPITAL,Short Term,TRUE,,,289,261.1,238.9,26.3,26.3,25.1,0,0,295,30,24,28,17.3, , , ,0,,,,"2,023","1,828","1,672",184,184,176,0,0,"2,065",210,168,196,121,8,7, ,0,,0,0,7,7,7,7,7,7,7,7,7,7,7,7,7,7,7,7,7,0,33,0,0,0,4, ,8,10,8,0,0,37,7,0, ,0,0, , , , ,0,0,"1,235", ,POINT (-82.56122 27.49675),[C100035-A],7,7,7,7,0,262,"1,545","1,682",0,0,FALSE,0,7,0,0,7,0,0,0,0,0,0,7,0,0,7,0,0,7,0
100035,2/10/2023,FL,MANATEE MEMORIAL HOSPITAL,Short Term,TRUE,,,289,286.3,262,5.7,5.7, ,0,0,295,30,24,25.7,17,0,0,0,0,,,,867,859,786,17,17,11,0,0,885,90,72,77,51,0,0,0,0,,0,0,3,3,3,3,3,3,3,3,3,3,3,3,3,3,3,3,3,0, ,0,0,0,0,0,0,0, ,0,0,10,0,0,0,0,0,0,0,0,0,0,0,551,0,POINT (-82.56122 27.49675),[C100035-A],3,3,3,3,,,,,,,FALSE,0,3,0,0,3,0,0,0,0,0,0,3,0,0,3,0,0,3,0
100035,11/27/2020,FL,MANATEE MEMORIAL HOSPITAL,Short Term,TRUE,295,289,289,270.1,263.7,39.9,39.9,32,0,0,295,30,24,27.4,21.9,4.4, ,0,0,0,"2,065","2,023","2,023","1,891","1,846",279,279,224,0,0,"2,065",210,168,192,153,31,24,0,0,0,7,7,7,7,7,7,7,7,7,7,7,7,7,7,7,7,7,7,7,7,12,0,0, , ,4, , , ,0,0,26,27,0, , , ,4,8,6,4,0,0,"1,222",0,POINT (-82.56122 27.49675),[C100035-A],7,7,7,7,,,,,,,FALSE,6.4,7,45,6,7,42,,,,,,0,,5.6,7,39,6,7,42
100035,11/13/2020,FL,MANATEE MEMORIAL HOSPITAL,Short Term,TRUE,295,289,289,262.7,254.7,21,21,12.9,0,0,295,30,24,28.1,21, , ,0,0,0,"2,065","2,023","2,023","1,839","1,783",147,147,90,0,0,"2,065",210,168,197,147,20,11,0,0,0,7,7,7,7,7,7,7,7,7,7,7,7,7,7,7,7,7,7,7,7,11,0,0, , ,0, ,5, ,0,0,25,33,0,0, , ,4,12,8,4,0,0,"1,174",0,POINT (-82.56122 27.49675),[C100035-A],7,7,7,7,,,,,,,FALSE,8,7,56,6,7,42,,,,,,0,,7.1,7,50,6,7,42
100035,7/2/2021,FL,MANATEE MEMORIAL HOSPITAL,Short Term,TRUE,295,289,289,257.7,240.7,6.7,5.7,5.7, ,0,295,30,24,25.3,19.7, , ,0,0,0,"2,065","2,023","2,023","1,804","1,685",47,40,40,7,0,"2,065",210,168,177,138,12,12,0,0,0,7,7,7,7,7,7,7,7,7,7,7,7,7,7,7,7,7,7,7,7, ,0,0,0,0,0,0,0, ,0,0,6,0,0,0,0,0,0,0,0,0,0,0,"1,263",0,POINT (-82.56122 27.49675),[C100035-A],7,7,7,7,0,262,"1,545","1,682",0,0,FALSE,17,7,119,6,7,42,,,,,,0,,5.6,7,39,6,7,42
100035,1/15/2021,FL,MANATEE MEMORIAL HOSPITAL,Short Term,TRUE,295,289,289,271,250,33.6,33.6,30.1,0,0,295,30,24,26.4,17.3, , ,0,0,0,"2,065","2,023","2,023","1,897","1,750",235,235,211,0,0,"2,065",210,168,185,121,24,20,0,0,0,7,7,7,7,7,7,7,7,7,7,7,7,7,7,7,7,7,7,7,7,14,0,0,0,0, , ,4,5,0,0,6,17,0, , , , , ,4,5,0,0,"1,254",0,POINT (-82.56122 27.49675),[C100035-A],7,7,7,7,340,0,"1,006","1,057",0,0,FALSE,21,7,147,6,7,42,,,,,,0,,9.1,7,64,6,7,42
100035,12/11/2020,FL,MANATEE MEMORIAL HOSPITAL,Short Term,TRUE,295,289,289,270.6,251.7,31.3,31.3,25,0,0,295,30,24,25.1,18.9, , ,0,0,0,"2,065","2,023","2,023","1,894","1,762",219,219,175,0,0,"2,065",210,168,176,132,19,15,0,0,0,7,7,7,7,7,7,7,7,7,7,7,7,7,7,7,7,7,7,7,7,9,0,0,0,0, ,0,4,4,0,0,30,28,0,0, , , ,9, ,12,0,0,"1,194",0,POINT (-82.56122 27.49675),[C100035-A],7,7,7,7,,,,,,,FALSE,18.9,7,132,6,7,42,,,,,,0,,6.3,7,44,6,7,42
100035,5/8/2020,FL,MANATEE MEMORIAL HOSPITAL,Short Term,TRUE,0,,,0,,20.4,,,,,0,38.6,,,,,,,,,0,,,0,,143,,,,,0,270,,,,,,,,,1,0,0,1,0,7,0,0,0,0,1,7,0,0,0,0,0,0,0,0,,,,,,,,,,,,,,,,,,,,,,,,,,POINT (-82.56122 27.49675),[C100035-A],0,0,0,0,,,,,,,FALSE,,0,,,0,,,,,,,0,,,0,,,0,
100035,12/4/2020,FL,MANATEE MEMORIAL HOSPITAL,Short Term,TRUE,295,289,289,280.7,273.1,29.3,29.3,23.3,0,0,295,30,24,28.9,21, , ,0,0,0,"2,065","2,023","2,023","1,965","1,912",205,205,163,0,0,"2,065",210,168,202,147,19,15,0,0,0,7,7,7,7,7,7,7,7,7,7,7,7,7,7,7,7,7,7,7,7,7,0,0,0,0, , , , ,0,0,18,24,0,0, ,0,6, ,8,6,0,0,"1,055",0,POINT (-82.56122 27.49675),[C100035-A],7,7,7,7,,,,,,,FALSE,7.6,7,53,6,7,42,,,,,,0,,7.9,7,55,6,7,42
100035,3/4/2022,FL,MANATEE MEMORIAL HOSPITAL,Short Term,TRUE,,,289,279,259.1,8.7,8.7,8.3,0,0,295,30,24,27.4,21, , , ,0,,,,"2,023","1,953","1,814",61,61,58,0,0,"2,065",210,168,192,147,12,12, ,0,,0,0,7,7,7,7,7,7,7,7,7,7,7,7,7,7,7,7,7,0,6,0, ,0,0,0, , , ,0,0,0, ,0,0,0,0, ,0,0,0,0,0,"1,278", ,POINT (-82.56122 27.49675),[C100035-A],7,7,7,7,0,262,"1,545","1,682",0,0,FALSE,0,7,0,0,7,0,0,0,0,0,0,7,0,0,7,0,0,7,0
100035,11/19/2021,FL,MANATEE MEMORIAL HOSPITAL,Short Term,TRUE,295,289,289,244.1,224.6, , , ,0,0,295,30,24,25.1,16.7, , ,0,0,0,"2,065","2,023","2,023","1,709","1,572",17,17,16,0,0,"2,065",210,168,176,117, , ,0,0,0,7,7,7,7,7,7,7,7,7,7,7,7,7,7,7,7,7,7,7,7,6,0,0, ,0,0, , , ,0,0, , ,0,0,0,0,0,0, ,0,0,0,"1,209",0,POINT (-82.56122 27.49675),[C100035-A],7,7,7,7,0,262,"1,545","1,682",0,0,FALSE,19.6,7,137,6,7,42,,,,,,0,,8.4,7,59,6,7,42
100035,12/16/2022,FL,MANATEE MEMORIAL HOSPITAL,Short Term,TRUE,,,289,273.9,249.3,12.1,12.1,11,0,0,295,30,24,28,19.7, , ,5, ,,,,"2,023","1,917","1,745",85,85,77,0,0,"2,065",210,168,196,138,5,5,35,4,,0,0,7,7,7,7,7,7,7,7,7,7,7,7,7,7,7,7,7,0,6,0,0, ,0,0, , , ,0,0,19,0,0, ,0, , , , ,0,7,0,"1,303",7,POINT (-82.56122 27.49675),[C100035-A],7,7,7,7,,,,,,,FALSE,0,7,0,0,7,0,0,0,0,0,0,7,0,0,7,0,0,7,0
100035,6/11/2021,FL,MANATEE MEMORIAL HOSPITAL,Short Term,TRUE,295,289,289,267.3,256.4,5.3,5.3,5.1,0,0,295,30,24,26.6,22, , ,0,0,0,"2,065","2,023","2,023","1,871","1,795",37,37,36,0,0,"2,065",210,168,186,154, , ,0,0,0,7,7,7,7,7,7,7,7,7,7,7,7,7,7,7,7,7,7,7,7, ,0,0,0,0, , ,0,0,0,0,0, ,0,0,0,0, ,0,0,0,0,0,"1,242",0,POINT (-82.56122 27.49675),[C100035-A],7,7,7,7,8,268,"1,555","1,676", ,0,FALSE,10.9,7,76,6,7,42,,,,,,0,,4.6,7,32,6,7,42
100035,8/12/2022,FL,MANATEE MEMORIAL HOSPITAL,Short Term,TRUE,,,289,276.3,254,23.6,23.6,23.3,0,0,295,30,24,26.1,16.6,0,0,0,0,,,,"2,023","1,934","1,778",165,165,163,0,0,"2,065",210,168,183,116,0,0,0,0,,0,0,7,7,7,7,7,7,7,7,7,7,7,7,7,7,7,7,7,0,30,0,0, ,0,4,5,10,9,0,0,29, ,0,0,0,0,0, ,0,0,0,0,"1,284",0,POINT (-82.56122 27.49675),[C100035-A],7,7,7,7,0,262,"1,545","1,682",0,0,FALSE,0,7,0,0,7,0,0,0,0,0,0,7,0,0,7,0,0,7,0
100035,5/20/2022,FL,MANATEE MEMORIAL HOSPITAL,Short Term,TRUE,,,289,261.4,247.9,9.1,9.1,9,0,0,295,30,24,21.7,19.9, , , ,0,,,,"2,023","1,830","1,735",64,64,63,0,0,"2,065",210,168,152,139,7,7,5,0,,0,0,7,7,7,7,7,7,7,7,7,7,7,7,7,7,7,7,7,0,10,0, ,0, , , , , ,0,0,16, ,0,0,0,0,0,0,0, ,0,0,"1,340",4,POINT (-82.56122 27.49675),[C100035-A],7,7,7,7,0,262,"1,545","1,682",0,0,FALSE,0,7,0,0,7,0,0,0,0,0,0,7,0,0,7,0,0,7,0
100035,7/3/2020,FL,MANATEE MEMORIAL HOSPITAL,Short Term,TRUE,,,,,,62,,,,,,,,,,,,,,,,,,,,434,,,,,,,,,,,,,,,0,0,0,0,0,7,0,0,0,0,0,0,0,0,0,0,0,0,0,0,,,,,,,,,,,,,,,,,,,,,,,,,,POINT (-82.56122 27.49675),[C100035-A],0,0,0,0,,,,,,,FALSE,,0,,,0,,,,,,,0,,,0,,,0,
100035,1/14/2022,FL,MANATEE MEMORIAL HOSPITAL,Short Term,TRUE,,,289,283.9,261.3,48,48,43.6,0,0,295,30,24,30,21.1,5.4,5.3, ,0,,,,"2,023","1,987","1,829",336,336,305,0,0,"2,065",210,168,210,148,38,37, ,0,,0,0,7,7,7,7,7,7,7,7,7,7,7,7,7,7,7,7,7,0,58,0,4, , ,8,14,10,17,0,0,13,20,0,0,0,0, ,6,7,4,0,0,"1,203",0,POINT (-82.56122 27.49675),[C100035-A],7,7,7,7,0,262,"1,545","1,682",0,0,FALSE,0,7,0,0,7,0,0,0,0,0,0,7,0,0,7,0,0,7,0
100035,2/18/2022,FL,MANATEE MEMORIAL HOSPITAL,Short Term,TRUE,,,289,301.7,277.1,22.4,22.4,19.9,0,0,295,30,24,32.4,20.3, , ,0,0,,,,"2,023","2,112","1,940",157,157,139,0,0,"2,065",210,168,227,142,8,8,0,0,,0,0,7,7,7,7,7,7,7,7,7,7,7,7,7,7,7,7,7,0,23,0,0, , , ,7,9, ,0,0,0,13,0,0, , ,4, , , ,0,0,"1,231",0,POINT (-82.56122 27.49675),[C100035-A],7,7,7,7,0,262,"1,545","1,682",0,0,FALSE,0,7,0,0,7,0,0,0,0,0,0,7,0,0,7,0,0,7,0
100035,8/19/2022,FL,MANATEE MEMORIAL HOSPITAL,Short Term,TRUE,,,289,288.7,267,18.9,18.9,18.6,0,0,295,30,24,26.7,15.6,0,0, ,0,,,,"2,023","2,021","1,869",132,132,130,0,0,"2,065",210,168,187,109,0,0, ,0,,0,0,7,7,7,7,7,7,7,7,7,7,7,7,7,7,7,7,7,0,28,0,0, ,4, ,11,4,6,0,0,29, ,0,0,0,0, , ,0,0,0,0,"1,255", ,POINT (-82.56122 27.49675),[C100035-A],7,7,7,7,,,,,,,FALSE,0,7,0,0,7,0,0,0,0,0,0,7,0,0,7,0,0,7,0
100035,1/28/2022,FL,MANATEE MEMORIAL HOSPITAL,Short Term,TRUE,,,289,272.1,253.4,47.6,47.6,43.6,0,0,295,30,24,24.7,19,5.7,5.4,0,0,,,,"2,023","1,905","1,774",333,333,305,0,0,"2,065",210,168,173,133,40,38,0,0,,0,0,7,7,7,7,7,7,7,7,7,7,7,7,7,7,7,7,7,0,34,0, ,0,4, ,5,14,7,0,0, ,16,0, ,0,0, ,5,5, ,0,0,"1,198",0,POINT (-82.56122 27.49675),[C100035-A],7,7,7,7,0,262,"1,545","1,682",0,0,FALSE,0,7,0,0,7,0,0,0,0,0,0,7,0,0,7,0,0,7,0
100035,8/21/2020,FL,MANATEE MEMORIAL HOSPITAL,Short Term,TRUE,403,376,376,266.3,258.3,33.6,24,23.1,9.6,0,330,23.9,23.9,23.1,23.1,4.7, ,,,,"2,821","2,632","2,632","1,864","1,808",235,168,162,67,0,"2,310",167,167,162,162,33,27,,,,7,7,7,7,7,7,7,7,7,7,7,7,7,7,7,7,7,0,0,0, ,,,,,,,,, ,0,,41,,,,,,,,,41,0,,,POINT (-82.56122 27.49675),[C100035-A],7,7,7,7,,,,,,,FALSE,,0,,,0,,,,,,,0,,,0,,,0,
100035,9/30/2022,FL,MANATEE MEMORIAL HOSPITAL,Short Term,TRUE,,,289,280.3,262.7,6.6,6.6,6.1,0,0,295,30,24,25.4,19.4,0,0, ,0,0,,,"2,023","1,962","1,839",46,46,43,0,0,"2,065",210,168,178,136,0,0, ,0,0,0,0,7,7,7,7,7,7,7,7,7,7,7,7,7,7,7,7,7,1,7,0,0,0,0, , ,0, ,0,0,5, ,0,0,0,0,0, ,0,0,0,0,"1,264", ,POINT (-82.56122 27.49675),[C100035-A],7,7,7,7,,,,,,,FALSE,0,7,0,0,7,0,0,0,0,0,0,7,0,0,7,0,0,7,0
100035,10/16/2020,FL,MANATEE MEMORIAL HOSPITAL,Short Term,TRUE,348,307,307,275.1,263.7,11,11,10.3,0,0,328,23.9,23.9,19.9,19.9, , ,,,,"2,436","2,149","2,149","1,926","1,846",77,77,72,0,0,"2,296",167,167,139,139,9,4,,,,7,7,7,7,7,7,7,7,7,7,7,7,7,7,7,7,7,0,0,0, ,0,0,0, ,0,0, ,0,0,0,18,22,0, ,0, ,5,4,5,6,0,0,"1,166",,POINT (-82.56122 27.49675),[C100035-A],7,7,7,7,,,,,,,FALSE,,0,,,0,,,,,,,0,,,0,,,0,
100035,3/25/2022,FL,MANATEE MEMORIAL HOSPITAL,Short Term,TRUE,,,289,290.3,269.9, , , ,0,0,295,30,24,25.4,16.4, , ,0,0,,,,"2,023","2,032","1,889",14,14,12,0,0,"2,065",210,168,178,115, , ,0,0,,0,0,7,7,7,7,7,7,7,7,7,7,7,7,7,7,7,7,7,0, ,0,0,0,0,0,0, ,0,0,0,0, ,0,0,0,0,0, ,0,0,0,0,"1,264",0,POINT (-82.56122 27.49675),[C100035-A],7,7,7,7,0,262,"1,545","1,682",0,0,FALSE,0,7,0,0,7,0,0,0,0,0,0,7,0,0,7,0,0,7,0
100035,2/25/2022,FL,MANATEE MEMORIAL HOSPITAL,Short Term,TRUE,,,289,306,288.1,15.1,15.1,14.1,0,0,295,30,24,28.9,21.3, , ,0,0,,,,"2,023","1,836","2,017",106,106,99,0,0,"1,770",210,168,202,149,15,15,0,0,,0,0,7,6,7,7,7,7,7,7,6,7,7,7,7,7,7,7,7,0, ,0,0, , ,0,0,0, ,0,0, , ,0,0, ,0,0, ,0,0,0,0,"1,243",0,POINT (-82.56122 27.49675),[C100035-A],7,7,7,7,0,262,"1,545","1,682",0,0,FALSE,0,7,0,0,7,0,0,0,0,0,0,7,0,0,7,0,0,7,0
100035,4/2/2021,FL,MANATEE MEMORIAL HOSPITAL,Short Term,TRUE,295,289,289,267.3,249.4,12.4,12.4,11.3,0,0,295,30,24,29.1,23.1, , ,0,0,0,"2,065","2,023","2,023","1,871","1,746",87,87,79,0,0,"2,065",210,168,204,162,5,5,0,0,0,7,7,7,7,7,7,7,7,7,7,7,7,7,7,7,7,7,7,7,7,5,0,0, ,0, ,0, , ,0,0, ,5,0,0,0,0,0, , , ,0,0,"1,345",0,POINT (-82.56122 27.49675),[C100035-A],7,7,7,7,56,465,"1,479","1,372",0,0,FALSE,17.9,7,125,6,7,42,,,,,,0,,6,7,42,6,7,42
100035,12/25/2020,FL,MANATEE MEMORIAL HOSPITAL,Short Term,TRUE,295,289,289,248.9,231.6,38.1,38.1,30.9,0,0,295,30,24,25.6,16.3,5.4, ,0,0,0,"2,065","2,023","2,023","1,742","1,621",267,267,216,0,0,"2,065",210,168,179,114,38,27,0,0,0,7,7,7,7,7,7,7,7,7,7,7,7,7,7,7,7,7,7,7,7,20,0, ,0, , ,4,6,6,0,0, ,26,0, ,0, , ,6,8,5,0,0,"1,144",0,POINT (-82.56122 27.49675),[C100035-A],7,7,7,7,,,,,,,FALSE,17.3,7,121,6,7,42,,,,,,0,,9.3,7,65,6,7,42
100035,8/14/2020,FL,MANATEE MEMORIAL HOSPITAL,Short Term,TRUE,403,369.6,369.6,257.9,248,42.6,34.1,33.3,8.4,0,330,24,24,20.9,20.9,4.7, ,,,,"2,821","2,587","2,587","1,805","1,736",298,239,233,59,0,"2,310",168,168,146,146,33,27,,,,7,7,7,7,7,7,7,7,7,7,7,7,7,7,7,7,7,0,0,0,5,,,,,,,,,5,0,,35,,,,,,,,,35,0,,,POINT (-82.56122 27.49675),[C100035-A],7,7,7,7,,,,,,,FALSE,,0,,,0,,,,,,,0,,,0,,,0,
100035,12/31/2021,FL,MANATEE MEMORIAL HOSPITAL,Short Term,TRUE,295,289,289,242.7,219.7,13.4,13.4,10.7,0,0,295,30,24,26.3,17.3, , ,0,0,0,"2,065","2,023","2,023","1,699","1,538",94,94,75,0,0,"2,065",210,168,184,121,8,8,0,0,0,7,7,7,7,7,7,7,7,7,7,7,7,7,7,7,7,7,7,7,7,24,0, ,4, ,4, ,6,4,0,0,27,11,0,0, ,0, , ,5, ,0,0,"1,404",0,POINT (-82.56122 27.49675),[C100035-A],7,7,7,7,0,262,"1,545","1,682",0,0,FALSE,23,7,161,6,7,42,,,,,,0,,9,7,63,6,7,42
100035,3/18/2022,FL,MANATEE MEMORIAL HOSPITAL,Short Term,TRUE,,,289,292.9,274.7, , , ,0,0,295,30,24,22.7,16.9,0,0,0,0,,,,"2,023","2,050","1,923",16,16,13,0,0,"2,065",210,168,159,118,0,0,0,0,,0,0,7,7,7,7,7,7,7,7,7,7,7,7,7,7,7,7,7,0, ,0,0,0,0,0, , ,0,0,0,0, ,0,0,0,0, ,0,0, ,0,0,"1,311",0,POINT (-82.56122 27.49675),[C100035-A],7,7,7,7,0,262,"1,545","1,682",0,0,FALSE,0,7,0,0,7,0,0,0,0,0,0,7,0,0,7,0,0,7,0
100035,8/28/2020,FL,MANATEE MEMORIAL HOSPITAL,Short Term,TRUE,387.3,344.3,344.3,256.4,249.4,25,21.6,20.9, ,0,329.4,24,24,22,22,4.1, ,,,,"2,711","2,410","2,410","1,795","1,746",175,151,146,24,0,"2,306",168,168,154,154,29,24,,,,7,7,7,7,7,7,7,7,7,7,7,7,7,7,7,7,7,0,0,0,5,0,0,0,0,0,0,0,0,5,0, ,13,0,0,0,0,0, ,0, ,10,0,165,,POINT (-82.56122 27.49675),[C100035-A],7,7,7,7,,,,,,,FALSE,,0,,,0,,,,,,,0,,,0,,,0,
100035,8/13/2021,FL,MANATEE MEMORIAL HOSPITAL,Short Term,TRUE,295,289,289,295.6,266.9,75.3,75.3,72.9,0,0,295,30,24,35.9,21.9,8,8,0,0,0,"2,065","2,023","2,023","2,069","1,868",527,527,510,0,0,"2,065",210,168,251,153,56,56,0,0,0,7,7,7,7,7,7,7,7,7,7,7,7,7,7,7,7,7,7,7,7,65,0,6,6,6,15,11,8,13,0,0,42,19,0,0,4,0,4, ,4,6,0,0,"1,332",0,POINT (-82.56122 27.49675),[C100035-A],7,7,7,7,0,262,"1,545","1,682",0,0,FALSE,28.7,7,201,6,7,42,,,,,,0,,14,7,98,6,7,42
100035,7/30/2021,FL,MANATEE MEMORIAL HOSPITAL,Short Term,TRUE,295,289,289,285.6,265.7,55,55,54,0,0,295,30,24,32.6,22.7,6.7,6.7,0,0,0,"2,065","2,023","2,023","1,999","1,860",385,385,378,0,0,"2,065",210,168,228,159,47,47,0,0,0,7,7,7,7,7,7,7,7,7,7,7,7,7,7,7,7,7,7,7,7,45,0, , ,7,6,10,8,9, ,0,17,5,0,0,0,0,0, , , ,0,0,"1,310",0,POINT (-82.56122 27.49675),[C100035-A],7,7,7,7,0,262,"1,545","1,682",0,0,FALSE,19.9,7,139,6,7,42,,,,,,0,,9.9,7,69,6,7,42
100035,5/14/2021,FL,MANATEE MEMORIAL HOSPITAL,Short Term,TRUE,295,289,289,282.4,262.6,16.4,16.4,15.3,0,0,295,30,24,26.9,20, , ,0,0,0,"2,065","2,023","2,023","1,977","1,838",115,115,107,0,0,"2,065",210,168,188,140,13,13,0,0,0,7,7,7,7,7,7,7,7,7,7,7,7,7,7,7,7,7,7,7,7,12,0, , , ,0, , , ,0,0, ,7,0,0, , , , , , ,0,0,"1,362",0,POINT (-82.56122 27.49675),[C100035-A],7,7,7,7,16,298,"1,548","1,646",50, ,FALSE,19.9,7,139,6,7,42,,,,,,0,,6.9,7,48,6,7,42
100035,10/29/2021,FL,MANATEE MEMORIAL HOSPITAL,Short Term,TRUE,295,289,289,229.3,217.3,6.1,6.1,5.6,0,0,295,30,24,26.3,21.4,0,0,0,0,0,"2,065","2,023","2,023","1,605","1,521",43,43,39,0,0,"2,065",210,168,184,150,0,0,0,0,0,7,7,7,7,7,7,7,7,7,7,7,7,7,7,7,7,7,7,7,7,5,0,0,0,0,0, , , ,0,0, ,4,0, ,0, ,0,0,0, ,0,0,"1,155",0,POINT (-82.56122 27.49675),[C100035-A],7,7,7,7,0,262,"1,545","1,682",0,0,FALSE,12,7,84,6,7,42,,,,,,0,,4.9,7,34,6,7,42
100035,1/1/2021,FL,MANATEE MEMORIAL HOSPITAL,Short Term,TRUE,295,289,289,278.1,258.7,44.9,44.9,38,0,0,295,30,24,27.4,18.9,4.9,4.7,0,0,0,"2,065","2,023","2,023","1,947","1,811",314,314,266,0,0,"2,065",210,168,192,132,34,33,0,0,0,7,7,7,7,7,7,7,7,7,7,7,7,7,7,7,7,7,7,7,7,19,0,0,0,4,4,4, ,4,0,0,11,25,0,0,0, ,4,5,9,5,0,0,"1,166",0,POINT (-82.56122 27.49675),[C100035-A],7,7,7,7,,,,,,,FALSE,19.4,7,136,6,7,42,,,,,,0,,8.6,7,60,6,7,42
100035,2/26/2021,FL,MANATEE MEMORIAL HOSPITAL,Short Term,TRUE,295,289,289,263.1,243.3,28.7,28.7,27.3,0,0,295,30,24,30.9,21, , ,0,0,0,"2,065","2,023","2,023","1,842","1,703",201,201,191,0,0,"2,065",210,168,216,147,22,21,0,0,0,7,7,7,7,7,7,7,7,7,7,7,7,7,7,7,7,7,7,7,7,17,0,0,0,0, ,4,10, ,0,0,4,9, , ,0,0,0, ,5, ,0,0,"1,368",0,POINT (-82.56122 27.49675),[C100035-A],7,7,7,7,40,581,"1,363","1,275",0,0,FALSE,19.9,7,139,6,7,42,,,,,,0,,9.9,7,69,6,7,42
100035,12/10/2021,FL,MANATEE MEMORIAL HOSPITAL,Short Term,TRUE,295,289,289,244.6,223.9,4.9,4.9,4.6,0,0,295,30,24,27,18.6, , ,0,0,0,"2,065","2,023","2,023","1,712","1,567",34,34,32,0,0,"2,065",210,168,189,130,6,6,0,0,0,7,7,7,7,7,7,7,7,7,7,7,7,7,7,7,7,7,7,7,7,4,0,0,0, , , ,0,0,0,0, , ,0,0,0, ,0,0, ,0,0,0,"1,282",0,POINT (-82.56122 27.49675),[C100035-A],7,7,7,7,0,262,"1,545","1,682",0,0,FALSE,20.7,7,145,6,7,42,,,,,,0,,8.4,7,59,6,7,42
100035,3/19/2021,FL,MANATEE MEMORIAL HOSPITAL,Short Term,TRUE,295,289,289,277.1,261.3,14.6,14.6,13.4,0,0,295,30,24,24,20.3, , ,0,0,0,"2,065","2,023","2,023","1,940","1,829",102,102,94,0,0,"2,065",210,168,168,142,4, ,0,0,0,7,7,7,7,7,7,7,7,7,7,7,7,7,7,7,7,7,7,7,7,8,0,0, , , ,0, , ,0,0, ,6,0,0,0, ,0, , , ,0,0,"1,341",0,POINT (-82.56122 27.49675),[C100035-A],7,7,7,7,175,374,"1,570","1,303",0,0,FALSE,15.9,7,111,6,7,42,,,,,,0,, ,7,26,6,7,42
100035,4/8/2022,FL,MANATEE MEMORIAL HOSPITAL,Short Term,TRUE,,,289,286.6,266.7, , , ,0,0,295,30,24,28.3,20.9, ,0,0,0,,,,"2,023","2,006","1,867",18,18,14,0,0,"2,065",210,168,198,146, ,0,0,0,,0,0,7,7,7,7,7,7,7,7,7,7,7,7,7,7,7,7,7,0, ,0,0,0,0, ,0,0,0,0,0,0,4,0,0,0, , , ,0,0,0,0,"1,226",0,POINT (-82.56122 27.49675),[C100035-A],7,7,7,7,0,262,"1,545","1,682",0,0,FALSE,0,7,0,0,7,0,0,0,0,0,0,7,0,0,7,0,0,7,0
100035,3/26/2021,FL,MANATEE MEMORIAL HOSPITAL,Short Term,TRUE,295,289,289,273.1,259.7,12.9,12.9,10.9,0,0,295,30,24,26.1,22.4, , ,0,0,0,"2,065","2,023","2,023","1,912","1,818",90,90,76,0,0,"2,065",210,168,183,157,9,8,0,0,0,7,7,7,7,7,7,7,7,7,7,7,7,7,7,7,7,7,7,7,7, ,0,0,0, , ,0,0,0,0,0, ,11,0, , ,0, , , , ,0,0,"1,402",0,POINT (-82.56122 27.49675),[C100035-A],7,7,7,7,52,477,"1,467","1,338",0,0,FALSE,13.4,7,94,6,7,42,,,,,,0,, ,7,26,6,7,42
100035,1/21/2022,FL,MANATEE MEMORIAL HOSPITAL,Short Term,TRUE,,,289,287.7,271,56,56,42.7,0,0,295,30,24,23,19,6.1,5.1,0,0,,,,"2,023","2,014","1,897",392,392,299,0,0,"2,065",210,168,161,133,43,36,0,0,,0,0,7,7,7,7,7,7,7,7,7,7,7,7,7,7,7,7,7,0,34,0,0,0, ,5,8,9,11,0,0, ,33,0,0, , ,5,8,10,6,0,0,"1,180",0,POINT (-82.56122 27.49675),[C100035-A],7,7,7,7,0,262,"1,545","1,682",0,0,FALSE,0,7,0,0,7,0,0,0,0,0,0,7,0,0,7,0,0,7,0
100035,9/10/2021,FL,MANATEE MEMORIAL HOSPITAL,Short Term,TRUE,295,289,289,268.9,245.4,88.3,88.3,87.1,0,0,295,30,24,31.3,22.3,13.9,13.9,0,0,0,"2,065","2,023","2,023","1,882","1,718",618,618,610,0,0,"2,065",210,168,219,156,97,97,0,0,0,7,7,7,7,7,7,7,7,7,7,7,7,7,7,7,7,7,7,7,7,48,0, , , ,8,13,12,8,0,0,11,7,0,0,0,0, ,0,0,6,0,0,"1,071",0,POINT (-82.56122 27.49675),[C100035-A],7,7,7,7,0,262,"1,545","1,682",0,0,FALSE,23.4,7,164,6,7,42,,,,,,0,,9,7,63,6,7,42
100035,2/11/2022,FL,MANATEE MEMORIAL HOSPITAL,Short Term,TRUE,,,289,269.6,249.7,27.9,27.9,26.4,0,0,295,30,24,28.3,18.4, , ,0,0,,,,"2,023","1,887","1,748",195,195,185,0,0,"2,065",210,168,198,129,18,18,0,0,,0,0,7,7,7,7,7,7,7,7,7,7,7,7,7,7,7,7,7,0,17,0,0, ,0, , ,5,5,0,0, ,5,0,0,0,0, ,0, ,0,0,0,"1,243",0,POINT (-82.56122 27.49675),[C100035-A],7,7,7,7,0,262,"1,545","1,682",0,0,FALSE,0,7,0,0,7,0,0,0,0,0,0,7,0,0,7,0,0,7,0
100035,12/23/2022,FL,MANATEE MEMORIAL HOSPITAL,Short Term,TRUE,,,289,250.6,235.7,10.7,10.7,9.1,0,0,295,30,24,25,19.6, , ,9, ,,,,"2,023","1,754","1,650",75,75,64,0,0,"2,065",210,168,175,137, , ,63,19,,0,0,7,7,7,7,7,7,7,7,7,7,7,7,7,7,7,7,7,0,16,0,0, ,0,0,5,5,4,0,0,29,0,0,0,0, , , , , ,11,0,"1,315",16,POINT (-82.56122 27.49675),[C100035-A],7,7,7,7,,,,,,,FALSE,0,7,0,0,7,0,0,0,0,0,0,7,0,0,7,0,0,7,0
100035,3/12/2021,FL,MANATEE MEMORIAL HOSPITAL,Short Term,TRUE,295,289,289,271.7,256,23.3,23.3,22.6,0,0,295,30,24,27.7,21.9, , ,0,0,0,"2,065","2,023","2,023","1,902","1,792",163,163,158,0,0,"2,065",210,168,194,153,6,6,0,0,0,7,7,7,7,7,7,7,7,7,7,7,7,7,7,7,7,7,7,7,7,6,0, , ,0, ,0, ,0,0,0, , ,0,0, ,0,0,0,0, ,0,0,"1,318",0,POINT (-82.56122 27.49675),[C100035-A],7,7,7,7,121,474,"1,470","1,300",0,0,FALSE,15.7,7,110,6,7,42,,,,,,0,,5.9,7,41,6,7,42
100035,6/5/2020,FL,MANATEE MEMORIAL HOSPITAL,Short Term,TRUE,,,,,,12.1,,,,,,46.9,,,,,,,,,,,,,,85,,,,,,328,,,,,,,,,0,0,0,0,0,7,0,0,0,0,0,7,0,0,0,0,0,0,0,0,,,,,,,,,,,,,,,,,,,,,,,,,,POINT (-82.56122 27.49675),[C100035-A],0,0,0,0,,,,,,,FALSE,,0,,,0,,,,,,,0,,,0,,,0,
100035,11/5/2021,FL,MANATEE MEMORIAL HOSPITAL,Short Term,TRUE,295,289,289,211.1,189.9,5.6,5.6,5.3,0,0,295,30,24,24.9,18.9,0,0,0,0,0,"2,065","2,023","2,023","1,478","1,329",39,39,37,0,0,"2,065",210,168,174,132,0,0,0,0,0,7,7,7,7,7,7,7,7,7,7,7,7,7,7,7,7,7,7,7,7, ,0, ,0,0, , ,0,0,0,0,0, ,0,0, ,0, ,0,0,0,0,0,"1,219",0,POINT (-82.56122 27.49675),[C100035-A],7,7,7,7,0,262,"1,545","1,682",0,0,FALSE,21.3,7,149,6,7,42,,,,,,0,,6,7,42,6,7,42
100035,10/8/2021,FL,MANATEE MEMORIAL HOSPITAL,Short Term,TRUE,295,289,289,249,224.4,17.4,17.4,17.4,0,0,295,30,24,24.3,12.7, , ,0,0,0,"2,065","2,023","2,023","1,743","1,571",122,122,122,0,0,"2,065",210,168,170,89,9,9,0,0,0,7,7,7,7,7,7,7,7,7,7,7,7,7,7,7,7,7,7,7,7,16,0,0,0, , ,4,6, ,0,0, , ,0,0,0, ,0,0,0,0,0,0,"1,294",0,POINT (-82.56122 27.49675),[C100035-A],7,7,7,7,0,262,"1,545","1,682",0,0,FALSE,24.6,7,172,6,7,42,,,,,,0,,11.6,7,81,6,7,42
100035,4/22/2022,FL,MANATEE MEMORIAL HOSPITAL,Short Term,TRUE,,,289,267.7,251,4.9,4.9,4.6,0,0,295,30,24,23.7,18.7, , ,0,0,,,,"2,023","1,874","1,757",34,34,32,0,0,"2,065",210,168,166,131,9,9,0,0,,0,0,7,7,7,7,7,7,7,7,7,7,7,7,7,7,7,7,7,0,5,0,0,0, ,0,0, , ,0,0,12, ,0,0,0, ,0,0, ,0,0,0,"1,296",0,POINT (-82.56122 27.49675),[C100035-A],7,7,7,7,0,262,"1,545","1,682",0,0,FALSE,0,7,0,0,7,0,0,0,0,0,0,7,0,0,7,0,0,7,0
100035,5/21/2021,FL,MANATEE MEMORIAL HOSPITAL,Short Term,TRUE,295,289,289,272.7,254.1,17.7,17.7,16.6,0,0,295,30,24,30.3,21.7, , ,0,0,0,"2,065","2,023","2,023","1,909","1,779",124,124,116,0,0,"2,065",210,168,212,152,11,11,0,0,0,7,7,7,7,7,7,7,7,7,7,7,7,7,7,7,7,7,7,7,7,6,0,0, ,0, , ,0,0,0,0,4,5,0, ,0,0, , ,0,0,0,0,"1,335",0,POINT (-82.56122 27.49675),[C100035-A],7,7,7,7,10,291,"1,551","1,653",6,0,FALSE,18.6,7,130,6,7,42,,,,,,0,,8.6,7,60,6,7,42
100035,11/12/2021,FL,MANATEE MEMORIAL HOSPITAL,Short Term,TRUE,295,289,289,229.3,209.3, , , ,0,0,295,30,24,26.4,19.3, , ,0,0,0,"2,065","2,023","2,023","1,605","1,465",16,16,15,0,0,"2,065",210,168,185,135,4, ,0,0,0,7,7,7,7,7,7,7,7,7,7,7,7,7,7,7,7,7,7,7,7, ,0,0,0,0, , ,0,0,0,0, , ,0,0,0,0,0,0, ,0,0,0,"1,240",0,POINT (-82.56122 27.49675),[C100035-A],7,7,7,7,0,262,"1,545","1,682",0,0,FALSE,20,7,140,6,7,42,,,,,,0,,7.1,7,50,6,7,42
100035,4/16/2021,FL,MANATEE MEMORIAL HOSPITAL,Short Term,TRUE,295,289,289,257.9,241.1,11.6,11.6,10.9,0,0,295,30,24,24.9,19.4, , ,0,0,0,"2,065","2,023","2,023","1,805","1,688",81,81,76,0,0,"2,065",210,168,174,136,8,7,0,0,0,7,7,7,7,7,7,7,7,7,7,7,7,7,7,7,7,7,7,7,7,4,0,0, ,0, , ,0,0,0,0,4, ,0,0,0,0,0, , , ,0,0,"1,416",0,POINT (-82.56122 27.49675),[C100035-A],7,7,7,7,36,344,"1,500","1,600",139,0,FALSE,16.7,7,117,6,7,42,,,,,,0,,5.4,7,38,6,7,42
100035,1/29/2021,FL,MANATEE MEMORIAL HOSPITAL,Short Term,TRUE,295,289,289,249.4,227.6,33.6,33.6,29.3,0,0,295,30,24,26.1,16.4, , ,0,0,0,"2,065","2,023","2,023","1,746","1,593",235,235,205,0,0,"2,065",210,168,183,115,19,19,0,0,0,7,7,7,7,7,7,7,7,7,7,7,7,7,7,7,7,7,7,7,7,15,0,0,0,0, , ,9, ,0,0,5,17,0, ,0, , , ,6,6,0,0,"1,223",0,POINT (-82.56122 27.49675),[C100035-A],7,7,7,7,170,887,"1,057",745,0,0,FALSE,21.9,7,153,6,7,42,,,,,,0,,9.7,7,68,6,7,42
100035,2/3/2023,FL,MANATEE MEMORIAL HOSPITAL,Short Term,TRUE,,,289,307.7,300.6,8.4,8.4,8.4,0,0,295,30,24,29.1,22, , , ,0,,,,"2,023",923,"2,104",59,59,59,0,0,885,210,168,204,154, , ,8,0,,0,0,7,3,7,7,7,7,7,7,3,7,7,7,7,7,7,7,7,0,5,0,0,0, , , ,0, ,0,0,22,0,0,0,0,0,0,0,0,0,0,0,"1,303", ,POINT (-82.56122 27.49675),[C100035-A],7,7,7,7,,,,,,,FALSE,0,7,0,0,7,0,0,0,0,0,0,7,0,0,7,0,0,7,0
100035,5/27/2022,FL,MANATEE MEMORIAL HOSPITAL,Short Term,TRUE,,,289,253.9,238.7,9.6,9.6,8.6,0,0,295,30,24,19.1,15.3, , , ,0,,,,"2,023","1,777","1,671",67,67,60,0,0,"2,065",210,168,134,107,4,4,14,0,,0,0,7,7,7,7,7,7,7,7,7,7,7,7,7,7,7,7,7,0,11,0, , , ,0, ,0,5,0,0,17,6,0,0, , ,0, ,0, ,0,0,"1,432",8,POINT (-82.56122 27.49675),[C100035-A],7,7,7,7,0,262,"1,545","1,682",0,0,TRUE,0,7,0,0,7,0,0,0,0,0,0,7,0,0,7,0,0,7,0
100035,6/12/2020,FL,MANATEE MEMORIAL HOSPITAL,Short Term,TRUE,,,,,,15.9,,,,,,47.3,,,,,,,,,,,,,,111,,,,,,142,,,,,,,,,0,0,0,0,0,7,0,0,0,0,0,3,0,0,0,0,0,0,0,0,,,,,,,,,,,,,,,,,,,,,,,,,,POINT (-82.56122 27.49675),[C100035-A],0,0,0,0,,,,,,,FALSE,,0,,,0,,,,,,,0,,,0,,,0,
100035,2/4/2022,FL,MANATEE MEMORIAL HOSPITAL,Short Term,TRUE,,,289,278,255,46.1,46.1,38.3,0,0,295,30,24,30,20,7.1,6,0,0,,,,"2,023","1,946","1,785",323,323,268,0,0,"2,065",210,168,210,140,50,42,0,0,,0,0,7,7,7,7,7,7,7,7,7,7,7,7,7,7,7,7,7,0,21,0,0, , ,4, ,4,8,0,0, ,26,0,0, , ,7,4,6,5,0,0,"1,243",0,POINT (-82.56122 27.49675),[C100035-A],7,7,7,7,0,262,"1,545","1,682",0,0,FALSE,0,7,0,0,7,0,0,0,0,0,0,7,0,0,7,0,0,7,0
100035,9/9/2022,FL,MANATEE MEMORIAL HOSPITAL,Short Term,TRUE,,,289,265.7,248.7,11.6,11.6,11.6,0,0,295,30,24,24.9,17.9, , ,0,0,,,,"2,023","1,860","1,741",81,81,81,0,0,"2,065",210,168,174,125,10,10,0,0,,0,0,7,7,7,7,7,7,7,7,7,7,7,7,7,7,7,7,7,0,6,0,0, ,0,0, , , ,0,0,17,0,0,0,0,0,0,0,0,0,0,0,"1,255",0,POINT (-82.56122 27.49675),[C100035-A],7,7,7,7,,,,,,,FALSE,0,7,0,0,7,0,0,0,0,0,0,7,0,0,7,0,0,7,0
100035,7/10/2020,FL,MANATEE MEMORIAL HOSPITAL,Short Term,TRUE,295,295,266,222,222,77.6,78.5,64,0,0,266,26.5,29,29,29,11.5,10,,,,295,295,266,222,222,543,157,128,0,0,266,53,29,29,29,23,10,,,,1,1,1,1,1,7,2,2,1,1,1,2,1,1,1,2,1,0,0,0,16,,,,,,,,,,0,,7,,,,,,,,,,0,164,,POINT (-82.56122 27.49675),[C100035-A],2,1,1,1,,,,,,,FALSE,0,1,0,0,1,0,,,,,0,1,0,0,1,0,0,1,0
100035,8/26/2022,FL,MANATEE MEMORIAL HOSPITAL,Short Term,TRUE,,,289,271.6,255.9,11,11,10.3,0,0,295,30,24,22.1,13.9, , , ,0,,,,"2,023","1,901","1,791",77,77,72,0,0,"2,065",210,168,155,97, , ,7,0,,0,0,7,7,7,7,7,7,7,7,7,7,7,7,7,7,7,7,7,0,14,0, ,0,0,0,7,5, ,0,0,21,5,0, ,0, ,0,0, , ,0,0,"1,336", ,POINT (-82.56122 27.49675),[C100035-A],7,7,7,7,,,,,,,FALSE,0,7,0,0,7,0,0,0,0,0,0,7,0,0,7,0,0,7,0
100035,7/23/2021,FL,MANATEE MEMORIAL HOSPITAL,Short Term,TRUE,295,289,289,280,257.3,32.7,32.7,31.6,0,0,295,30,24,28.4,19.9, , ,0,0,0,"2,065","2,023","2,023","1,960","1,801",229,229,221,0,0,"2,065",210,168,199,139,20,20,0,0,0,7,7,7,7,7,7,7,7,7,7,7,7,7,7,7,7,7,7,7,7,34,0, , , , ,12,7,5,0,0,14,6,0,0, , , , , , ,0,0,"1,376",0,POINT (-82.56122 27.49675),[C100035-A],7,7,7,7,0,262,"1,545","1,682",0,0,FALSE,22.7,7,159,6,7,42,,,,,,0,,8.6,7,60,6,7,42
100035,8/6/2021,FL,MANATEE MEMORIAL HOSPITAL,Short Term,TRUE,295,289,289,278,256.9,65.3,65.3,64.1,0,0,295,30,24,34.1,22.7,7.9,7.9,0,0,0,"2,065","2,023","2,023","1,946","1,798",457,457,449,0,0,"2,065",210,168,239,159,55,55,0,0,0,7,7,7,7,7,7,7,7,7,7,7,7,7,7,7,7,7,7,7,7,56,0, ,7,11,8,14,6,9,0,0,26,6,0,0,0,0, , , ,0,0,0,"1,349",0,POINT (-82.56122 27.49675),[C100035-A],7,7,7,7,0,262,"1,545","1,682",0,0,FALSE,21.1,7,148,6,7,42,,,,,,0,,11.4,7,80,6,7,42
100035,12/3/2021,FL,MANATEE MEMORIAL HOSPITAL,Short Term,TRUE,295,289,289,242,222.3, , , ,0,0,295,30,24,26,18.6, , ,0,0,0,"2,065","2,023","2,023","1,694","1,556",20,20,20,0,0,"2,065",210,168,182,130, , ,0,0,0,7,7,7,7,7,7,7,7,7,7,7,7,7,7,7,7,7,7,7,7,6,0,0,0, ,0, , , ,0,0,4,0,0,0,0,0,0,0,0,0,0,0,"1,327",0,POINT (-82.56122 27.49675),[C100035-A],7,7,7,7,0,262,"1,545","1,682",0,0,FALSE,19.7,7,138,6,7,42,,,,,,0,,7.4,7,52,6,7,42
100035,10/22/2021,FL,MANATEE MEMORIAL HOSPITAL,Short Term,TRUE,295,289,289,245.7,229.3,11.9,11.9,11.3,0,0,295,30,24,25.7,20.6, , ,0,0,0,"2,065","2,023","2,023","1,720","1,605",83,83,79,0,0,"2,065",210,168,180,144,6,5,0,0,0,7,7,7,7,7,7,7,7,7,7,7,7,7,7,7,7,7,7,7,7,9,0,0,0, , , , , ,0,0, ,4,0,0,0, ,0, , ,0,0,0,"1,173",0,POINT (-82.56122 27.49675),[C100035-A],7,7,7,7,0,262,"1,545","1,682",0,0,FALSE,16.4,7,115,6,7,42,,,,,,0,,5.1,7,36,6,7,42
100035,10/30/2020,FL,MANATEE MEMORIAL HOSPITAL,Short Term,TRUE,295,289,289,268.7,258.4,11,11,6.7,0,0,295,30,24,30,22, , ,0,0,0,"2,065","2,023","2,023","1,881","1,809",77,77,47,0,0,"2,065",210,168,210,154,8,4,0,0,0,7,7,7,7,7,7,7,7,7,7,7,7,7,7,7,7,7,7,7,7,6,0,0,0,0, , , , ,0,0,15,24,0,0,0, ,5,5,6,7,0,0,"1,208",0,POINT (-82.56122 27.49675),[C100035-A],7,7,7,7,,,,,,,FALSE,10.3,7,72,6,7,42,,,,,,0,,8,7,56,6,7,42
100035,7/24/2020,FL,MANATEE MEMORIAL HOSPITAL,Short Term,TRUE,403,373.9,373.9,258.4,249.1,73.3,58.3,58.1,15,0,330,24,24,21.7,21.7,9.3,9.1,,,,"2,821","2,617","2,617","1,809","1,744",513,408,407,105,0,"2,310",168,168,152,152,65,64,,,,7,7,7,7,7,7,7,7,7,7,7,7,7,7,7,7,7,0,0,0,4,,,,,,,,,4,0,,28,,,,,,,,,28,0,,,POINT (-82.56122 27.49675),[C100035-A],7,7,7,7,,,,,,,FALSE,,0,,,0,,,,,,,0,,,0,,,0,
100035,3/11/2022,FL,MANATEE MEMORIAL HOSPITAL,Short Term,TRUE,,,289,274.9,256, , , ,0,0,295,30,24,29.1,22.7,0,0,0,0,,,,"2,023","1,924","1,792",27,27,26,0,0,"2,065",210,168,204,159,0,0,0,0,,0,0,7,7,7,7,7,7,7,7,7,7,7,7,7,7,7,7,7,0, ,0,0,0,0,0, ,0, ,0,0, , ,0,0,0,0,0,0, , ,0,0,"1,239",0,POINT (-82.56122 27.49675),[C100035-A],7,7,7,7,0,262,"1,545","1,682",0,0,FALSE,0,7,0,0,7,0,0,0,0,0,0,7,0,0,7,0,0,7,0
100035,11/4/2022,FL,MANATEE MEMORIAL HOSPITAL,Short Term,TRUE,,,289,278.3,259,5.9,5.9,5.3,0,0,295,30,24,29.1,21.6, , , ,0,,,,"2,023","1,948","1,813",41,41,37,0,0,"2,065",210,168,204,151, , ,4,0,,0,0,7,7,7,7,7,7,7,7,7,7,7,7,7,7,7,7,7,0, ,0,0,0,0,0, ,0,0,0,0,6,4,0,0,0,0,0, , ,0,0,0,"1,354", ,POINT (-82.56122 27.49675),[C100035-A],7,7,7,7,,,,,,,FALSE,0,7,0,0,7,0,0,0,0,0,0,7,0,0,7,0,0,7,0
100035,11/18/2022,FL,MANATEE MEMORIAL HOSPITAL,Short Term,TRUE,,,289,283.3,264.3,6.9,6.9,5.3,0,0,295,30,24,28,22.3, , , ,0,,,,"2,023","1,983","1,850",48,48,37,0,0,"2,065",210,168,196,156,6,4,12,0,,0,0,7,7,7,7,7,7,7,7,7,7,7,7,7,7,7,7,7,0,5,0,0,0,0,0, , , ,0,0,19,11,0,0, , , ,0, , ,0,0,"1,288",4,POINT (-82.56122 27.49675),[C100035-A],7,7,7,7,,,,,,,FALSE,0,7,0,0,7,0,0,0,0,0,0,7,0,0,7,0,0,7,0
100035,8/20/2021,FL,MANATEE MEMORIAL HOSPITAL,Short Term,TRUE,295,289,289,282.7,256.1,85.4,85.4,85,0,0,295,30,24,35.9,22.3,16.7,16.7,0,0,0,"2,065","2,023","2,023","1,979","1,793",598,598,595,0,0,"2,065",210,168,251,156,117,117,0,0,0,7,7,7,7,7,7,7,7,7,7,7,7,7,7,7,7,7,7,7,7,65,0,4,4,8,16,13,9,11,0,0,32,4,0,0, ,0, , ,0, ,0,0,"1,306",0,POINT (-82.56122 27.49675),[C100035-A],7,7,7,7,0,262,"1,545","1,682",0,0,FALSE,26.6,7,186,6,7,42,,,,,,0,,13.6,7,95,6,7,42
100035,6/18/2021,FL,MANATEE MEMORIAL HOSPITAL,Short Term,TRUE,295,289,289,269.3,260.7,4.3,4.3,4,0,0,295,30,24,26.9,21.1, , ,0,0,0,"2,065","2,023","2,023","1,885","1,825",30,30,28,0,0,"2,065",210,168,188,148,6,6,0,0,0,7,7,7,7,7,7,7,7,7,7,7,7,7,7,7,7,7,7,7,7,5,0,0, ,0, ,0, , ,0,0, , ,0,0,0,0,0,0,0, ,0,0,"1,328",0,POINT (-82.56122 27.49675),[C100035-A],7,7,7,7,10,254,"1,555","1,690",0,0,FALSE,8.6,7,60,6,7,42,,,,,,0,,5.7,7,40,6,7,42
100035,9/25/2020,FL,MANATEE MEMORIAL HOSPITAL,Short Term,TRUE,348,286.9,286.9,245,237.1,7.7,7.7,7.7,0,0,328,22.9,22.9,21.7,21.7, , ,,,,"2,436","2,008","2,008","1,715","1,660",54,54,54,0,0,"2,296",160,160,152,152,8,8,,,,7,7,7,7,7,7,7,7,7,7,7,7,7,7,7,7,7,0,0,0,4,0,0,0,0, ,0, , , ,0,20,5,0,0,0,0,0,4, ,0,0,0,"1,113",,POINT (-82.56122 27.49675),[C100035-A],7,7,7,7,,,,,,,FALSE,,0,,,0,,,,,,,0,,,0,,,0,
100035,1/13/2023,FL,MANATEE MEMORIAL HOSPITAL,Short Term,TRUE,,,289,305.8,291.4,16.9,16.9,16.9,0,0,295,30,24,30.3,22.3, , ,4.7, ,,,,"2,023","1,223","2,040",118,118,118,0,0,"1,180",210,168,212,156, , ,33, ,,0,0,7,4,7,7,7,7,7,7,4,7,7,7,7,7,7,7,7,0,18,0,0,0, ,0,0,4,13,0,0,24,0,0,0,0,0,0,0,0,0,0,0,"1,265",7,POINT (-82.56122 27.49675),[C100035-A],7,7,7,7,,,,,,,FALSE,0,7,0,0,7,0,0,0,0,0,0,7,0,0,7,0,0,7,0
100035,1/27/2023,FL,MANATEE MEMORIAL HOSPITAL,Short Term,TRUE,,,289,317.7,296.7,10.4,10.4,6.6,0,0,295,30,24,28.7,22.3, , , , ,,,,"2,023","1,906","2,077",73,73,46,0,0,"1,770",210,168,201,156, , ,21, ,,0,0,7,6,7,7,7,7,7,7,6,7,7,7,7,7,7,7,7,0,17,0,0,0,0,5, , ,6,0,0,36,0,0,0,0,0,0,0, ,0, ,0,"1,311",4,POINT (-82.56122 27.49675),[C100035-A],7,7,7,7,,,,,,,TRUE,0,7,0,0,7,0,0,0,0,0,0,7,0,0,7,0,0,7,0
100035,5/29/2020,FL,MANATEE MEMORIAL HOSPITAL,Short Term,TRUE,,,,,,12.3,,,,,,46.8,,,,,,,,,,,,,,86,,,,,,281,,,,,,,,,0,0,0,0,0,7,0,0,0,0,0,6,0,0,0,0,0,0,0,0,,,,,,,,,,,,,,,,,,,,,,,,,,POINT (-82.56122 27.49675),[C100035-A],0,0,0,0,,,,,,,FALSE,,0,,,0,,,,,,,0,,,0,,,0,
100035,10/14/2022,FL,MANATEE MEMORIAL HOSPITAL,Short Term,TRUE,,,289,280.4,262.4,4.6,4.6,4.3,0,0,295,30,24,23.6,18.1, , ,0,0,,,,"2,023","1,963","1,837",32,32,30,0,0,"2,065",210,168,165,127, , ,0,0,,0,0,7,7,7,7,7,7,7,7,7,7,7,7,7,7,7,7,7,0,4,0,0,0,0, , ,0, ,0,0,7, ,0,0,0,0,0, , ,0,0,0,"1,252",0,POINT (-82.56122 27.49675),[C100035-A],7,7,7,7,,,,,,,FALSE,0,7,0,0,7,0,0,0,0,0,0,7,0,0,7,0,0,7,0
100035,5/15/2020,FL,MANATEE MEMORIAL HOSPITAL,Short Term,TRUE,,,,,,16,,,,,,45.6,,,,,,,,,,,,,,112,,,,,,319,,,,,,,,,0,0,0,0,0,7,0,0,0,0,0,7,0,0,0,0,0,0,0,0,,,,,,,,,,,,,,,,,,,,,,,,,,POINT (-82.56122 27.49675),[C100035-A],0,0,0,0,,,,,,,FALSE,,0,,,0,,,,,,,0,,,0,,,0,
100035,11/11/2022,FL,MANATEE MEMORIAL HOSPITAL,Short Term,TRUE,,,289,285.1,264.9, , , ,0,0,295,30,24,30.1,22.7, , , ,0,,,,"2,023","1,996","1,854",26,26,26,0,0,"2,065",210,168,211,159, , ,16,0,,0,0,7,7,7,7,7,7,7,7,7,7,7,7,7,7,7,7,7,0, ,0,0,0,0,0,0, , ,0,0,11,0,0,0,0,0,0,0,0,0,0,0,"1,242",4,POINT (-82.56122 27.49675),[C100035-A],7,7,7,7,,,,,,,FALSE,0,7,0,0,7,0,0,0,0,0,0,7,0,0,7,0,0,7,0
100035,10/1/2021,FL,MANATEE MEMORIAL HOSPITAL,Short Term,TRUE,295,289,289,266.1,246.9,29.9,29.9,29,0,0,295,30,24,28.1,19.6, , ,0,0,0,"2,065","2,023","2,023","1,863","1,728",209,209,203,0,0,"2,065",210,168,197,137,14,14,0,0,0,7,7,7,7,7,7,7,7,7,7,7,7,7,7,7,7,7,7,7,7,16,0, , , ,5, , , ,0,0, ,4,0,0,0, , ,0, ,0,0,0,"1,178",0,POINT (-82.56122 27.49675),[C100035-A],7,7,7,7,0,262,"1,545","1,682",0,0,FALSE,19.3,7,135,6,7,42,,,,,,0,,8.6,7,60,6,7,42
100035,7/8/2022,FL,MANATEE MEMORIAL HOSPITAL,Short Term,TRUE,,,289,280.9,267.6,21.4,21.4,21,0,0,295,30,24,30,20.9, , , ,0, ,,,"2,023","1,966","1,873",150,150,147,0,0,"2,065",210,168,210,146,20,20,12,0, ,0,0,7,7,7,7,7,7,7,7,7,7,7,7,7,7,7,7,7,1,25,0, , ,0, , ,6,11,0,0,33, ,0,0,0,0,0,0, , ,0,0,"1,279", ,POINT (-82.56122 27.49675),[C100035-A],7,7,7,7,0,262,"1,545","1,682",0,0,FALSE,0,7,0,0,7,0,0,0,0,0,0,7,0,0,7,0,0,7,0
100035,10/9/2020,FL,MANATEE MEMORIAL HOSPITAL,Short Term,TRUE,348,305.4,305.4,269.1,262.1,12.7,12.7,12.7,0,0,328,24,24,22.1,22.1, , ,,,,"2,436","2,138","2,138","1,884","1,835",89,89,89,0,0,"2,296",168,168,155,155,8,8,,,,7,7,7,7,7,7,7,7,7,7,7,7,7,7,7,7,7,0,0,0,7, ,0,0,0, , , , ,0,0,23,9,0, ,0, , , ,0, ,0,0,"1,071",,POINT (-82.56122 27.49675),[C100035-A],7,7,7,7,,,,,,,FALSE,,0,,,0,,,,,,,0,,,0,,,0,
100035,12/17/2021,FL,MANATEE MEMORIAL HOSPITAL,Short Term,TRUE,295,289,289,238.3,225.1, , , ,0,0,295,30,24,23.9,18, , ,0,0,0,"2,065","2,023","2,023","1,668","1,576",23,23,22,0,0,"2,065",210,168,167,126,6,6,0,0,0,7,7,7,7,7,7,7,7,7,7,7,7,7,7,7,7,7,7,7,7,6,0,0,0,0,0, , , ,0,0,4, ,0,0,0,0,0,0, ,0,0,0,"1,314",0,POINT (-82.56122 27.49675),[C100035-A],7,7,7,7,0,262,"1,545","1,682",0,0,FALSE,13.1,7,92,6,7,42,,,,,,0,,5.9,7,41,6,7,42
100035,7/17/2020,FL,MANATEE MEMORIAL HOSPITAL,Short Term,TRUE,399,386.2,386.2,277,268.8,90.6,70.2,70,24.3,0,326,24,24,22.8,22.8,12.8,12.7,,,,"2,394","2,317","2,317","1,662","1,613",634,421,420,146,0,"1,956",168,144,137,137,77,76,,,,6,6,6,6,6,7,6,6,6,6,6,7,6,6,6,6,6,0,0,0,16,,,,,,,,,16,0,,32,,,,,,,,,32,0,,,POINT (-82.56122 27.49675),[C100035-A],6,6,6,6,,,,,,,FALSE,,0,,,0,,,,,,,0,,,0,,,0,
100035,8/7/2020,FL,MANATEE MEMORIAL HOSPITAL,Short Term,TRUE,403,363.6,363.6,249,236.4,51.9,38,37.4,13.9,0,330,24,24,21.1,21.1,5.3,4.7,,,,"2,821","2,545","2,545","1,743","1,655",363,266,262,97,0,"2,310",168,168,148,148,37,33,,,,7,7,7,7,7,7,7,7,7,7,7,7,7,7,7,7,7,0,0,0,9,,,,,,,,,9,0,,43,,,,,,,,,43,0,,,POINT (-82.56122 27.49675),[C100035-A],7,7,7,7,,,,,,,FALSE,,0,,,0,,,,,,,0,,,0,,,0,
100035,4/30/2021,FL,MANATEE MEMORIAL HOSPITAL,Short Term,TRUE,295,289,289,268.4,247.1,13.7,13.7,12.6,0,0,295,30,24,32.9,22.3, , ,0,0,0,"2,065","2,023","2,023","1,879","1,730",96,96,88,0,0,"2,065",210,168,230,156,11,11,0,0,0,7,7,7,7,7,7,7,7,7,7,7,7,7,7,7,7,7,7,7,7,12,0, ,0, , , , ,4,0,0,10,6,0, , ,0, , , ,0,0,0,"1,390",0,POINT (-82.56122 27.49675),[C100035-A],7,7,7,7,16,323,"1,509","1,621", ,0,FALSE,21.3,7,149,6,7,42,,,,,,0,,10.6,7,74,6,7,42
100035,3/5/2021,FL,MANATEE MEMORIAL HOSPITAL,Short Term,TRUE,295,289,289,263.3,244.9,29.1,29.1,27.6,0,0,295,30,24,29.3,20.7, , ,0,0,0,"2,065","2,023","2,023","1,843","1,714",204,204,193,0,0,"2,065",210,168,205,145,19,19,0,0,0,7,7,7,7,7,7,7,7,7,7,7,7,7,7,7,7,7,7,7,7,11,0, , ,0,0, ,4, ,0,0, ,10,0,0,0, , ,0, , ,0,0,"1,308",0,POINT (-82.56122 27.49675),[C100035-A],7,7,7,7,47,512,"1,432","1,296",0,0,FALSE,18.4,7,129,6,7,42,,,,,,0,,8.6,7,60,6,7,42
100035,7/9/2021,FL,MANATEE MEMORIAL HOSPITAL,Short Term,TRUE,295,289,289,264.7,251.4,7,7,6.1,0,0,295,30,24,26,19.7, , ,0,0,0,"2,065","2,023","2,023","1,853","1,760",49,49,43,0,0,"2,065",210,168,182,138,10,10,0,0,0,7,7,7,7,7,7,7,7,7,7,7,7,7,7,7,7,7,7,7,7,4,0,0,0,0, , ,0, ,0,0,7,5,0,0,0,0,0, , , ,0,0,"1,280",0,POINT (-82.56122 27.49675),[C100035-A],7,7,7,7,0,262,"1,545","1,682",0,0,FALSE,13.3,7,93,6,7,42,,,,,,0,,6.3,7,44,6,7,42
100035,9/24/2021,FL,MANATEE MEMORIAL HOSPITAL,Short Term,TRUE,295,289,289,266.9,246.7,49,49,48.6,0,0,295,30,24,23,17.6,4.3,4.3,0,0,0,"2,065","2,023","2,023","1,868","1,727",343,343,340,0,0,"2,065",210,168,161,123,30,30,0,0,0,7,7,7,7,7,7,7,7,7,7,7,7,7,7,7,7,7,7,7,7,33,0, ,0,5,7,4,5,10,0,0,4, ,0,0,0,0,0,0, , ,0,0,"1,099",0,POINT (-82.56122 27.49675),[C100035-A],7,7,7,7,0,262,"1,545","1,682",0,0,FALSE,20.1,7,141,6,7,42,,,,,,0,,5.4,7,38,6,7,42
100035,4/10/2020,FL,MANATEE MEMORIAL HOSPITAL,Short Term,TRUE,,,,,,34,,,,,,44,,,,,,,,,,,,,,34,,,,,,44,,,,,,,,,0,0,0,0,0,1,0,0,0,0,0,1,0,0,0,0,0,0,0,0,,,,,,,,,,,,,,,,,,,,,,,,,,POINT (-82.56122 27.49675),[C100035-A],0,0,0,0,,,,,,,FALSE,,0,,,0,,,,,,,0,,,0,,,0,
100035,7/31/2020,FL,MANATEE MEMORIAL HOSPITAL,Short Term,TRUE,403,372,372,258.7,246.3,58.1,46.9,46.4,11.3,0,330,23.6,23.6,22.7,22.7,8.1,7.7,,,,"2,821","2,604","2,604","1,811","1,724",407,328,325,79,0,"2,310",165,165,159,159,57,54,,,,7,7,7,7,7,7,7,7,7,7,7,7,7,7,7,7,7,0,0,0,4,,,,,,,,,4,0,,22,,,,,,,,,22,0,,,POINT (-82.56122 27.49675),[C100035-A],7,7,7,7,,,,,,,FALSE,,0,,,0,,,,,,,0,,,0,,,0,
100035,5/13/2022,FL,MANATEE MEMORIAL HOSPITAL,Short Term,TRUE,,,289,271.7,262,9.4,9.4,9,0,0,295,30,24,23.3,22.1, , ,0,0,,,,"2,023","1,902","1,834",66,66,63,0,0,"2,065",210,168,163,155,6,6,0,0,,0,0,7,7,7,7,7,7,7,7,7,7,7,7,7,7,7,7,7,0,9,0,0,0,0, ,4, , ,0,0,8, ,0,0,0,0, , ,0, ,0,0,"1,388",0,POINT (-82.56122 27.49675),[C100035-A],7,7,7,7,0,262,"1,545","1,682",0,0,FALSE,0,7,0,0,7,0,0,0,0,0,0,7,0,0,7,0,0,7,0
100035,5/1/2020,FL,MANATEE MEMORIAL HOSPITAL,Short Term,TRUE,,,,,,25,,,,,,40.3,,,,,,,,,,,,,,175,,,,,,282,,,,,,,,,0,0,0,0,0,7,0,0,0,0,0,7,0,0,0,0,0,0,0,0,,,,,,,,,,,,,,,,,,,,,,,,,,POINT (-82.56122 27.49675),[C100035-A],0,0,0,0,,,,,,,FALSE,,0,,,0,,,,,,,0,,,0,,,0,
100035,4/24/2020,FL,MANATEE MEMORIAL HOSPITAL,Short Term,TRUE,,,,,,33,,,,,,39.3,,,,,,,,,,,,,,231,,,,,,275,,,,,,,,,0,0,0,0,0,7,0,0,0,0,0,7,0,0,0,0,0,0,0,0,,,,,,,,,,,,,,,,,,,,,,,,,,POINT (-82.56122 27.49675),[C100035-A],0,0,0,0,,,,,,,FALSE,,0,,,0,,,,,,,0,,,0,,,0,
100035,10/7/2022,FL,MANATEE MEMORIAL HOSPITAL,Short Term,TRUE,,,289,270.1,251.1, , , ,0,0,295,30,24,26.9,19.7,0,0, ,0,,,,"2,023","1,891","1,758",25,25,24,0,0,"2,065",210,168,188,138,0,0,5,0,,0,0,7,7,7,7,7,7,7,7,7,7,7,7,7,7,7,7,7,0,7,0,0,0,0, ,0, , ,0,0,6, ,0,0,0,0,0,0, ,0,0,0,"1,276", ,POINT (-82.56122 27.49675),[C100035-A],7,7,7,7,,,,,,,FALSE,0,7,0,0,7,0,0,0,0,0,0,7,0,0,7,0,0,7,0
100035,11/25/2022,FL,MANATEE MEMORIAL HOSPITAL,Short Term,TRUE,,,289,289.7,269.3,7.3,7.3,6.9,0,0,295,30,24,28,22.4, , , , ,,,,"2,023","2,028","1,885",51,51,48,0,0,"2,065",210,168,196,157,12,12,27, ,,0,0,7,7,7,7,7,7,7,7,7,7,7,7,7,7,7,7,7,0,7,0,0,0,0, , , , ,0,0,8, ,0,0,0,0,0, ,0,0,0,0,"1,307",5,POINT (-82.56122 27.49675),[C100035-A],7,7,7,7,,,,,,,FALSE,0,7,0,0,7,0,0,0,0,0,0,7,0,0,7,0,0,7,0
100035,7/16/2021,FL,MANATEE MEMORIAL HOSPITAL,Short Term,TRUE,295,289,289,251.7,235.3,17.7,17.7,17.1,0,0,295,30,24,26.7,20.9, , ,0,0,0,"2,065","2,023","2,023","1,762","1,647",124,124,120,0,0,"2,065",210,168,187,146,16,16,0,0,0,7,7,7,7,7,7,7,7,7,7,7,7,7,7,7,7,7,7,7,7,12,0, ,0, ,4, , , ,0,0,9, ,0,0,0,0, , ,0,0,0,0,"1,317",0,POINT (-82.56122 27.49675),[C100035-A],7,7,7,7,0,262,"1,545","1,682",0,0,FALSE,16.4,7,115,6,7,42,,,,,,0,,5.9,7,41,6,7,42
100035,4/29/2022,FL,MANATEE MEMORIAL HOSPITAL,Short Term,TRUE,,,289,265.4,253.9,7.1,7.1,6.6,0,0,295,30,24,23.1,19.7, , , , ,,,,"2,023","1,858","1,777",50,50,46,0,0,"2,065",210,168,162,138,11,11,5, ,,0,0,7,7,7,7,7,7,7,7,7,7,7,7,7,7,7,7,7,0,8,0,0, ,0, ,0, ,4,0,0,6, ,0,0,0,0, , ,0,0,0,0,"1,298", ,POINT (-82.56122 27.49675),[C100035-A],7,7,7,7,0,262,"1,545","1,682",0,0,FALSE,0,7,0,0,7,0,0,0,0,0,0,7,0,0,7,0,0,7,0
100035,1/7/2022,FL,MANATEE MEMORIAL HOSPITAL,Short Term,TRUE,287.3,275.8,289,273.4,247.3,39.3,39.3,34.1,0,0,295,30,24,32.6,20.7,5.9,5.7, ,0,0,"1,149","1,103","2,023","1,914","1,731",275,275,239,0,0,"2,065",210,168,228,145,41,40, ,0,0,4,4,7,7,7,7,7,7,7,7,7,7,7,7,7,7,7,7,7,1,47,0, ,0, ,7,17,8,12,0,0,18,16,0, , ,0, , , ,5,0,0,"1,375",0,POINT (-82.56122 27.49675),[C100035-A],7,7,7,7,0,262,"1,545","1,682",0,0,FALSE, ,7,20, ,6,6,0,0,0,0,0,6,0, ,7,11, ,7,6
100035,6/10/2022,FL,MANATEE MEMORIAL HOSPITAL,Short Term,TRUE,,,289,263.6,245.6,17.1,17.1,16.3,0,0,295,30,24,23.6,17, , , ,0,,,,"2,023","1,845","1,719",120,120,114,0,0,"2,065",210,168,165,119,10,10,25,0,,0,0,7,7,7,7,7,7,7,7,7,7,7,7,7,7,7,7,7,0,20,0,0, , ,0,8,6, ,0,0,39,6,0, ,0,0,0,0, , ,0,0,"1,311",5,POINT (-82.56122 27.49675),[C100035-A],7,7,7,7,0,262,"1,545","1,682",0,0,FALSE,0,7,0,0,7,0,0,0,0,0,0,7,0,0,7,0,0,7,0
100035,9/23/2022,FL,MANATEE MEMORIAL HOSPITAL,Short Term,TRUE,,,289,257.3,242.6,10.6,10.6,9.7,0,0,295,30,24,23.3,16, , ,0,0,0,,,"2,023","1,801","1,698",74,74,68,0,0,"2,065",210,168,163,112, , ,0,0,0,0,0,7,7,7,7,7,7,7,7,7,7,7,7,7,7,7,7,7,1,12,0,0,0, , , , ,5,0,0,5,7,0,0, ,0,4, ,0,0,0,0,"1,001",0,POINT (-82.56122 27.49675),[C100035-A],7,7,7,7,,,,,,,FALSE,0,7,0,0,7,0,0,0,0,0,0,7,0,0,7,0,0,7,0
100035,12/9/2022,FL,MANATEE MEMORIAL HOSPITAL,Short Term,TRUE,,,289,272.7,251,12.7,12.7,12.1,0,0,295,30,24,29.1,20.7, , ,4,0,,,,"2,023","1,909","1,757",89,89,85,0,0,"2,065",210,168,204,145, , ,28,0,,0,0,7,7,7,7,7,7,7,7,7,7,7,7,7,7,7,7,7,0,14,0, ,0,0,0, , ,8,0,0,22, ,0,0,0,0,0, , ,0,0,0,"1,364",7,POINT (-82.56122 27.49675),[C100035-A],7,7,7,7,,,,,,,FALSE,0,7,0,0,7,0,0,0,0,0,0,7,0,0,7,0,0,7,0
100035,6/26/2020,FL,MANATEE MEMORIAL HOSPITAL,Short Term,TRUE,,,,,,45.6,,,,,,,,,,,,,,,,,,,,319,,,,,,,,,,,,,,,0,0,0,0,0,7,0,0,0,0,0,0,0,0,0,0,0,0,0,0,,,,,,,,,,,,,,,,,,,,,,,,,,POINT (-82.56122 27.49675),[C100035-A],0,0,0,0,,,,,,,FALSE,,0,,,0,,,,,,,0,,,0,,,0,
100035,8/27/2021,FL,MANATEE MEMORIAL HOSPITAL,Short Term,TRUE,295,289,289,269.6,248.6,91.7,91.7,91.4,0,0,295,30,24,30.4,21.1,15.3,15.3,0,0,0,"2,065","2,023","2,023","1,887","1,740",642,642,640,0,0,"2,065",210,168,213,148,107,107,0,0,0,7,7,7,7,7,7,7,7,7,7,7,7,7,7,7,7,7,7,7,7,99, ,7,6,21,27,16,15,6,0,0,43, ,0,0,0, ,0,0, ,0,0,0,"1,236",0,POINT (-82.56122 27.49675),[C100035-A],7,7,7,7,0,262,"1,545","1,682",0,0,FALSE,21,7,147,6,7,42,,,,,,0,,9.3,7,65,6,7,42
100035,9/17/2021,FL,MANATEE MEMORIAL HOSPITAL,Short Term,TRUE,295,289,289,263.9,241.3,69,69,68.4,0,0,295,30,24,30.1,20.9,11.6,11.6,0,0,0,"2,065","2,023","2,023","1,847","1,689",483,483,479,0,0,"2,065",210,168,211,146,81,81,0,0,0,7,7,7,7,7,7,7,7,7,7,7,7,7,7,7,7,7,7,7,7,47,0, ,5,5,8,7,13,8,0,0,8,4,0, ,0,0, ,0, ,0,0,0,"1,099",0,POINT (-82.56122 27.49675),[C100035-A],7,7,7,7,0,262,"1,545","1,682",0,0,FALSE,22.6,7,158,6,7,42,,,,,,0,,9.3,7,65,6,7,42
100035,9/3/2021,FL,MANATEE MEMORIAL HOSPITAL,Short Term,TRUE,295,289,289,280.7,260.9,96.7,96.7,96.4,0,0,295,30,24,28.3,20.9,12.3,12.3,0,0,0,"2,065","2,023","2,023","1,965","1,826",677,677,675,0,0,"2,065",210,168,198,146,86,86,0,0,0,7,7,7,7,7,7,7,7,7,7,7,7,7,7,7,7,7,7,7,7,70,0, ,9,12,11,17,10,8,0,0,16, ,0, , ,0,0,0,0,0,0,0,"1,239",0,POINT (-82.56122 27.49675),[C100035-A],7,7,7,7,0,262,"1,545","1,682",0,0,FALSE,19.9,7,139,6,7,42,,,,,,0,,7.4,7,52,6,7,42
100035,3/27/2020,FL,MANATEE MEMORIAL HOSPITAL,Short Term,TRUE,,,,,, ,,,,,,42.2,,,,,,,,,,,,,,15,,,,,,211,,,,,,,,,0,0,0,0,0,4,0,0,0,0,0,5,0,0,0,0,0,0,0,0,,,,,,,,,,,,,,,,,,,,,,,,,,POINT (-82.56122 27.49675),[C100035-A],0,0,0,0,,,,,,,FALSE,,0,,,0,,,,,,,0,,,0,,,0,
100035,2/12/2021,FL,MANATEE MEMORIAL HOSPITAL,Short Term,TRUE,295,289,289,268.4,246,29.4,29.4,27.3,0,0,295,30,24,32,20, , ,0,0,0,"2,065","2,023","2,023","1,879","1,722",206,206,191,0,0,"2,065",210,168,224,140,17,15,0,0,0,7,7,7,7,7,7,7,7,7,7,7,7,7,7,7,7,7,7,7,7,20,0, , ,0,4,5,5,4,0,0,0,12,0,0,0, , , ,4, ,0,0,"1,338",0,POINT (-82.56122 27.49675),[C100035-A],7,7,7,7,280,704,"1,276","1,271",0,0,FALSE,22.4,7,157,6,7,42,,,,,,0,,12,7,84,6,7,42
100035,2/19/2021,FL,MANATEE MEMORIAL HOSPITAL,Short Term,TRUE,295,289,289,259.7,243.1,27.6,27.6,26,0,0,295,30,24,31,22, , ,0,0,0,"2,065","2,023","2,023","1,818","1,702",193,193,182,0,0,"2,065",210,168,217,154,22,22,0,0,0,7,7,7,7,7,7,7,7,7,7,7,7,7,7,7,7,7,7,7,7,15,0,0,0,0, ,6,4,4,0,0, ,8,0,0, ,0, ,0, , ,0,0,"1,296",0,POINT (-82.56122 27.49675),[C100035-A],7,7,7,7,0,704,"1,276","1,271",0,0,FALSE,16.6,7,116,6,7,42,,,,,,0,,9,7,63,6,7,42
100035,5/7/2021,FL,MANATEE MEMORIAL HOSPITAL,Short Term,TRUE,295,289,289,265.1,250.6,13.4,13.4,12.7,0,0,295,30,24,26.7,19, , ,0,0,0,"2,065","2,023","2,023","1,856","1,754",94,94,89,0,0,"2,065",210,168,187,133,9,9,0,0,0,7,7,7,7,7,7,7,7,7,7,7,7,7,7,7,7,7,7,7,7,6,0,0,0, , , , , ,0,0,8,5,0, , ,0, , , ,0,0,0,"1,351",0,POINT (-82.56122 27.49675),[C100035-A],7,7,7,7,12,298,"1,548","1,646",0,0,FALSE,14.6,7,102,6,7,42,,,,,,0,,7.7,7,54,6,7,42
100035,7/1/2022,FL,MANATEE MEMORIAL HOSPITAL,Short Term,TRUE,,,289,272.7,248.9,19,19,18.9,0,0,295,30,24,31.3,21.3, , , , ,,,,"2,023","1,909","1,742",133,133,132,0,0,"2,065",210,168,219,149,15,15,14, ,,0,0,7,7,7,7,7,7,7,7,7,7,7,7,7,7,7,7,7,0,29,0,0, , ,6,5,8,8,0,0,53, ,0,0,0,0,0,0,0, ,0,0,"1,304",5,POINT (-82.56122 27.49675),[C100035-A],7,7,7,7,0,262,"1,545","1,682",0,0,FALSE, ,7, ,0,7,0,0,0,0,0,0,7,0, ,7, ,0,7,0
100035,9/4/2020,FL,MANATEE MEMORIAL HOSPITAL,Short Term,TRUE,348,295,295,255.3,247.4,18.3,12.9,12.7,5.4,0,328,24,24,21.1,21.1, , ,,,,"2,436","2,065","2,065","1,787","1,732",128,90,89,38,0,"2,296",168,168,148,148,20,19,,,,7,7,7,7,7,7,7,7,7,7,7,7,7,7,7,7,7,0,0,0,0,0,0,0,0,0,0,0, ,0, ,24,0,0, , , ,4, , ,6,0,19,"1,126",,POINT (-82.56122 27.49675),[C100035-A],7,7,7,7,,,,,,,FALSE,,0,,,0,,,,,,,0,,,0,,,0,
100035,12/24/2021,FL,MANATEE MEMORIAL HOSPITAL,Short Term,TRUE,295,289,289,232.1,224,10,10,9,0,0,295,30,24,22.4,18.6, , ,0,0,0,"2,065","2,023","2,023","1,625","1,568",70,70,63,0,0,"2,065",210,168,157,130,13,13,0,0,0,7,7,7,7,7,7,7,7,7,7,7,7,7,7,7,7,7,7,7,7,15,0, ,0, ,4, , , ,0,0,10,6,0,0, ,0, , , ,0,0,0,"1,329",0,POINT (-82.56122 27.49675),[C100035-A],7,7,7,7,0,262,"1,545","1,682",0,0,FALSE,8.1,7,57,6,7,42,,,,,,0,, ,7,27,6,7,42
100035,10/21/2022,FL,MANATEE MEMORIAL HOSPITAL,Short Term,TRUE,,,289,274.7,258.4,5.4,5.4,4.9,0,0,295,30,24,24.6,20.1, , , ,0,,,,"2,023","1,923","1,809",38,38,34,0,0,"2,065",210,168,172,141, , , ,0,,0,0,7,7,7,7,7,7,7,7,7,7,7,7,7,7,7,7,7,0,9, ,0,0,0, , , ,4,0,0,7,4,0,0,0, , , , ,0,0,0,"1,246", ,POINT (-82.56122 27.49675),[C100035-A],7,7,7,7,,,,,,,FALSE,0,7,0,0,7,0,0,0,0,0,0,7,0,0,7,0,0,7,0
100035,2/5/2021,FL,MANATEE MEMORIAL HOSPITAL,Short Term,TRUE,295,289,289,257.6,237.9,33.3,33.3,30,0,0,295,30,24,28.1,18.9, , ,0,0,0,"2,065","2,023","2,023","1,803","1,665",233,233,210,0,0,"2,065",210,168,197,132,21,15,0,0,0,7,7,7,7,7,7,7,7,7,7,7,7,7,7,7,7,7,7,7,7,17,0,0, ,0, , , ,8,0,0,0,11,0,0, ,0, , , , ,0,0,"1,285",0,POINT (-82.56122 27.49675),[C100035-A],7,7,7,7,351,887,"1,126","1,126",0,0,FALSE,19.7,7,138,6,7,42,,,,,,0,,9.3,7,65,6,7,42
100035,9/2/2022,FL,MANATEE MEMORIAL HOSPITAL,Short Term,TRUE,,,289,268.9,247.9,12.7,12.7,12.4,0,0,295,30,24,25.6,16.9, , ,0,0,,,,"2,023","1,882","1,735",89,89,87,0,0,"2,065",210,168,179,118,8,8,0,0,,0,0,7,7,7,7,7,7,7,7,7,7,7,7,7,7,7,7,7,0,5,0,0,0,0,0,0, , ,0,0,23, ,0,0,0,0,0, ,0,0,0,0,"1,295",0,POINT (-82.56122 27.49675),[C100035-A],7,7,7,7,,,,,,,FALSE,0,7,0,0,7,0,0,0,0,0,0,7,0,0,7,0,0,7,0
100035,7/29/2022,FL,MANATEE MEMORIAL HOSPITAL,Short Term,TRUE,,,289,261.9,233.7,22.7,22.7,22.3,0,0,295,30,24,26,17.1, , , ,0,,,,"2,023","1,833","1,636",159,159,156,0,0,"2,065",210,168,182,120,11,10,6,0,,0,0,7,7,7,7,7,7,7,7,7,7,7,7,7,7,7,7,7,0,27,0, , , , ,6,7,6,0,0,53, ,0, ,0,0,0, ,0,0,0,0,"1,312",0,POINT (-82.56122 27.49675),[C100035-A],7,7,7,7,0,262,"1,545","1,682",0,0,FALSE,0,7,0,0,7,0,0,0,0,0,0,7,0,0,7,0,0,7,0
100035,1/8/2021,FL,MANATEE MEMORIAL HOSPITAL,Short Term,TRUE,295,289,289,263.6,245.6,37.1,37.1,35,0,0,295,30,24,24.7,16.6,4.3,4.3,0,0,0,"2,065","2,023","2,023","1,845","1,719",260,260,245,0,0,"2,065",210,168,173,116,30,30,0,0,0,7,7,7,7,7,7,7,7,7,7,7,7,7,7,7,7,7,7,7,7,13,0, ,0, , , ,4,0,0,0, ,9,0, , , ,0,0, , ,0,0,"1,174",0,POINT (-82.56122 27.49675),[C100035-A],7,7,7,7,340,0,"1,006",938,0,0,FALSE,18,7,126,6,7,42,,,,,,0,,8.1,7,57,6,7,42
100035,10/15/2021,FL,MANATEE MEMORIAL HOSPITAL,Short Term,TRUE,295,289,289,250.1,230.4,15.3,15.3,15.1,0,0,295,30,24,26.3,17.4, , ,0,0,0,"2,065","2,023","2,023","1,751","1,613",107,107,106,0,0,"2,065",210,168,184,122,6,6,0,0,0,7,7,7,7,7,7,7,7,7,7,7,7,7,7,7,7,7,7,7,7,17,0,0,0, , , ,6, ,0,0, , ,0,0,0,0,0,0, ,0,0,0,"1,226",0,POINT (-82.56122 27.49675),[C100035-A],7,7,7,7,0,262,"1,545","1,682",0,0,FALSE,19.7,7,138,6,7,42,,,,,,0,,8.9,7,62,6,7,42
100035,7/15/2022,FL,MANATEE MEMORIAL HOSPITAL,Short Term,TRUE,,,289,270,246.3,24.9,24.9,23.4,0,0,295,30,24,29.6,19.9, , ,0,0,,,,"2,023","1,890","1,724",174,174,164,0,0,"2,065",210,168,207,139,25,25,0,0,,0,0,7,7,7,7,7,7,7,7,7,7,7,7,7,7,7,7,7,0,29,0,0, , , ,8,9,6,0,0,55,8,0,0,0, , , , , ,0,0,"1,203",0,POINT (-82.56122 27.49675),[C100035-A],7,7,7,7,0,262,"1,545","1,682",0,0,FALSE,0,7,0,0,7,0,0,0,0,0,0,7,0,0,7,0,0,7,0
100035,6/4/2021,FL,MANATEE MEMORIAL HOSPITAL,Short Term,TRUE,295,289,289,265.6,253.1,8,8,7.3,0,0,295,30,24,26.7,20.1, , ,0,0,0,"2,065","2,023","2,023","1,859","1,772",56,56,51,0,0,"2,065",210,168,187,141,7,7,0,0,0,7,7,7,7,7,7,7,7,7,7,7,7,7,7,7,7,7,7,7,7, ,0, ,0, , ,0,0,0,0,0, ,4,0,0, , ,0, ,0,0,0,0,"1,289",0,POINT (-82.56122 27.49675),[C100035-A],7,7,7,7,0,275,"1,554","1,669",0,0,FALSE,12.4,7,87,6,7,42,,,,,,0,,6.6,7,46,6,7,42
